기업명,신규상장일,공모가(원),시초가(원),시초/공모(%),첫날종가(원),종목코드,시장종류,업종,기업구분,매출액,계속사업이익,순이익,자본금,총공모주식수,액면가,상장공모,희망공모가액,청약경쟁률,확정공모가,공모금액,우리사주조합,기관투자자,일반청약자,일반청약최고한도,기관경쟁률,의무보유확약비율
에이치피오,2021/05/14,-,-,%,예정,357230,코스닥,건강기능식품 제조업,중소일반,"58,604 (백만원)","11,482 (백만원)","8,761 (백만원)","8,473 (백만원)","3,987,632 주",500 원,"신주모집 : 2,990,724 주 (75%) 
	/   구주매출 : 996,908 주 (25%)","22,200 ~ 25,400 원",,- 원,"88,525 (백만원)","93,677 주  (2.35%)","2,697,666~2,897,047  주  (67.65~72.65%)","996,908~1,196,289   주  (25~30%)","청약 최고한도 :  39,500~47,500 주",,0.00%
SK아이이테크놀로지(유가),2021/05/11,-,-,%,예정,361610,거래소,일차전지 및 축전지 제조업,중소일반,"263,037 (백만원)","76,617 (백만원)","63,684 (백만원)",- (백만원),"21,390,000 주","1,000 원","신주모집 : 21,390,000 주 (100%)","78,000 ~ 105,000 원",,- 원,"1,668 (백만원)","4,278,000  주  (20%)","11,764,500~16,042,500   주  (55~75%)","5,347,500~6,417,000  주  (25~30%)",청약 최고한도 :  - 주,,0.00%
쿠콘,2021/04/28,45000,-,%,예정,294570,코스닥,기타 정보 서비스업,중소일반,"39,526 (백만원)","10,444 (백만원)","8,382 (백만원)","3,311 (백만원)","1,612,319 주",500 원,"신주모집 : 1,300,000 주 (80.63%) 
	/   구주매출 : 312,319 주 (19.37%)","31,000 ~ 40,000 원",1596.32:1,"45,000 원","72,554 (백만원)","80,615  주  (5%)","1,048,008~1,209,239   주  (65~75%)","403,080~483,696 주  (25~30%)","청약 최고한도 :  14,000~16,000 주",1594.61:1,30.90%
해성티피씨,2021/04/21,13000,26000,100%,33800,059270,코스닥,일반 목적용 기계 제조업,중소일반,"15,327 (백만원)","-1,518 (백만원)","-1,518 (백만원)","2,315 (백만원)","1,000,000 주",500 원,"신주모집 : 1,000,000 주 (100%)","9,500 ~ 11,500 원",2053.27:1,"13,000 원","13,000 (백만원)",주,"700,000~750,000 주  (70~75%)","250,000~300,000 주  (25~30%)","청약 최고한도 :  8,000~9,000 주",1508.95:1,16.05%
이삭엔지니어링,2021/04/21,11500,23000,100%,26150,351330,코스닥,"컴퓨터 프로그래밍, 시스템 통합 및 관리업",중소일반,"32,759 (백만원)","3,014 (백만원)","2,679 (백만원)","4,144 (백만원)","2,100,000 주",500 원,"신주모집 : 2,100,000 주 (100%)","9,500 ~ 11,500 원",2262.09:1,"11,500 원","24,150 (백만원)","40,000 주  (1.9%)","1,430,000~1,535,000 주  (68.1~73.1%)","525,000~630,000 주  (25~30%)","청약 최고한도 :  52,500~63,000 주",1427.15:1,20.73%
유진스팩6호,2021/04/08,2000,2050,2.5%,2045,373340,코스닥,2020-11-20,중소일반,- (백만원),0 (백만원),- (백만원),302 (백만원),"2,800,000 주",100 원,"신주모집 : 2,800,000 주 (100%)","2,000 ~ 2,000 원",236.23:1,"2,000 원","5,600 (백만원)",주,"1,960,000~2,100,000 주  (70~75%)","700,000~840,000 주  (25~30%)","청약 최고한도 :  70,000 주",,0.00%
유안타스팩8호,2021/04/05,2000,2030,1.5%,2030,367480,코스닥,금융 지원 서비스업,중소일반,- (백만원),0 (백만원),- (백만원),649 (백만원),"6,250,000 주",100 원,"신주모집 : 6,250,000 주 (100%)","2,000 ~ 2,000 원",84.91:1,"2,000 원","12,500 (백만원)",주,"4,375,000~4,687,500 주  (70~75%)","1,562,500~1,875,000 주  (25~30%)","청약 최고한도 :  75,000~90,000 주",,0.00%
엔시스,2021/04/01,19000,38000,100%,31400,333620,코스닥,기타 전기장비 제조업,중소일반,"31,884 (백만원)","2,514 (백만원)","1,912 (백만원)","1,040 (백만원)","2,300,000 주",100 원,"신주모집 : 1,630,000 주 (70.87%) 
	/   구주매출 : 670,000 주 (29.13%)","13,000 ~ 16,500 원",2573.60:1,"19,000 원","43,700 (백만원)",주,"1,610,000~1,725,000 주  (70~75%)","575,000~690,000 주  (25~30%)","청약 최고한도 :  28,000~34,000 주",1467.73:1,21.73%
자이언트스텝,2021/03/24,11000,22000,100%,28600,289220,코스닥,"영화, 비디오물, 방송프로그램 제작 및 배급업",중소일반,"12,839 (백만원)","-3,895 (백만원)","-4,430 (백만원)","4,713 (백만원)","1,400,000 주",500 원,"신주모집 : 1,400,000 주 (100%)","9,000 ~ 11,000 원",2342:1,"11,000 원","15,400 (백만원)","124,497 주  (8.9%)","855,503~1,050,000 주  (61.1~75%)","350,000~420,000 주  (25~30%)","청약 최고한도 :  11,000~14,000 주",1691.65:1,24.42%
제노코,2021/03/24,36000,65000,80.56%,80100,361390,코스닥,통신 및 방송 장비 제조업,중소일반,"32,927 (백만원)","2,931 (백만원)","2,198 (백만원)","1,221 (백만원)","490,000 주",500 원,"신주모집 : 490,000 주 (100%)","27,000 ~ 33,000 원",2095.45:1,"36,000 원","17,640 (백만원)","29,400 주  (6%)","313,600~367,500 주  (64~75%)","122,500~147,000 주  (25~30%)","청약 최고한도 :  12,000~14,500 주",1452.49:1,22.15%
라이프시맨틱스,2021/03/23,12500,25000,100%,17500,347700,코스닥,소프트웨어 개발 및 공급업,중소일반,"1,162 (백만원)","-3,963 (백만원)","-3,963 (백만원)","4,888 (백만원)","1,000,000 주",500 원,"신주모집 : 1,000,000 주 (100%)","9,000 ~ 12,500 원",1774.57:1,"12,500 원","12,500 (백만원)",주,"700,000~750,000 주  (70~75%)","250,000~300,000 주  (25~30%)","청약 최고한도 :  8,000~9,000 주",1402.17:1,3.78%
SK바이오사이언스(유가),2021/03/18,65000,130000,100%,169000,302440,거래소,기초 의약물질 및 생물학적 제제 제조업,중소일반,"183,938 (백만원)","18,485 (백만원)","14,677 (백만원)","38,250 (백만원)","22,950,000 주",500 원,"신주모집 : 15,300,000 주 (66.67%) 
	/   구주매출 : 7,650,000 주 (33.33%)","49,000 ~ 65,000 원",335.36:1,"65,000 원","1,491,750 (백만원)","4,590,000 주  (20%)","12,622,500~17,212,500  주  (55~75%)","5,737,500~6,885,000 주  (25~30%)","청약 최고한도 :  84,000~100,000 주",1275.47:1,59.92%
바이오다인,2021/03/17,30000,40000,33.33%,42600,314930,코스닥,의료용 기기 제조업,중소일반,"4,089 (백만원)","-2,469 (백만원)","-2,026 (백만원)","3,084 (백만원)","1,000,000 주",500 원,"신주모집 : 1,000,000 주 (100%)","22,500 ~ 28,700 원",48.36:1,"30,000 원","30,000 (백만원)",주,"700,000~750,000 주  (70~75%)","250,000~300,000 주  (25~30%)","청약 최고한도 :  12,500~15,000 주",1364.85:1,8.80%
네오이뮨텍,2021/03/16,7500,15000,100%,14350,950220,코스닥,자연과학 및 공학 연구개발업,중소일반,- (백만원),0 (백만원),- (백만원),- (백만원),"15,000,000 주",- 원,"신주모집 : 15,000,000 주 (100%)","5,400 ~ 6,400 원",664.65:1,"7,500 원","112,500 (백만원)",주,"11,250,000  주  (75%)","3,750,000 주  (25%)","청약 최고한도 :  120,000 주",1374.09:1,25.54%
디비금융스팩9호,2021/03/16,2000,2025,1.25%,2020,367360,코스닥,기타 금융업,중소일반,- (백만원),0 (백만원),- (백만원),484 (백만원),"4,000,000 주",100 원,"신주모집 : 4,000,000 주 (100%)","2,000 ~ 2,000 원",8.56:1,"2,000 원","8,000 (백만원)",주,"2,800,000~3,000,000 주  (70~75%)","1,000,000~1,200,000 주  (25~30%)","청약 최고한도 :  100,000 주",,0.00%
프레스티지바이오로직스,2021/03/11,12400,12100,-2.42%,14300,334970,코스닥,의약품 제조업,중소일반,185 (백만원),"-22,057 (백만원)","-22,057 (백만원)","21,425 (백만원)","7,350,000 주",500 원,"신주모집 : 7,350,000 주 (100%)","8,700 ~ 12,400 원",126.06:1,"12,400 원","91,140 (백만원)",주,"5,145,000~5,512,500 주  (70~75%)","1,837,500~2,205,000 주  (25~30%)","청약 최고한도 :  64,000~77,000 주",369.91:1,6.50%
싸이버원,2021/03/11,9500,18000,89.47%,21200,356890,코스닥,소프트웨어 개발 및 공급업,중소일반,"22,372 (백만원)","2,103 (백만원)","1,903 (백만원)","2,320 (백만원)","1,361,000 주",500 원,"신주모집 : 600,000 주 (44.09%) 
	/   구주매출 : 761,000 주 (55.91%)","7,600 ~ 8,300 원",1880.43:1,"9,500 원","12,930 (백만원)",주,"952,700~1,020,750 주  (70~75%)","340,250~408,300 주  (25~30%)","청약 최고한도 :  20,000~24,000 주",1303.1:1,9.70%
나노씨엠에스,2021/03/09,20000,33000,65%,23950,247660,코스닥,전자부품 제조업,중소일반,"3,978 (백만원)","-1,691 (백만원)","-1,691 (백만원)","2,104 (백만원)","800,000 주",500 원,"신주모집 : 800,000 주 (100%)","14,500 ~ 18,500 원",1243.48:1,"20,000 원","16,000 (백만원)","16,000 주  (2%)","544,000~600,000 주  (68~75%)","200,000~240,000 주  (25~30%)","청약 최고한도 :  12,000~16,000 주",1295.75:1,6.65%
하나머스트스팩7호,2021/03/05,2000,2055,2.75%,2050,372290,코스닥,금융 지원 서비스업,중소일반,- (백만원),0 (백만원),- (백만원),430 (백만원),"3,500,000 주",100 원,"신주모집 : 3,500,000 주 (100%)","2,000 ~ 2,000 원",237.46:1,"2,000 원","7,000 (백만원)",주,"2,450,000~2,625,000 주  (70~75%)","875,000~1,050,000 주  (25~30%)","청약 최고한도 :  50,000 주",,0.00%
뷰노,2021/02/26,21000,32900,56.67%,32150,338220,코스닥,"자료처리, 호스팅, 포털 및 기타 인터넷 정보매개 서&",중소일반,162 (백만원),"-5,913 (백만원)","-5,913 (백만원)","1,112 (백만원)","1,800,000 주",100 원,"신주모집 : 1,800,000 주 (100%)","15,000 ~ 19,500 원",1102.7:1,"21,000 원","37,800 (백만원)","254,955 주  (14.2%)","1,095,045~1,440,000 주  (60.8~80%)","360,000~450,000 주  (20~25%)","청약 최고한도 :  9,000~11,250 주",1457.21:1,23.80%
IBKS스팩15호,2021/02/26,2000.0,2060.0,3%,2070.0,373200,코스닥,기타 금융업,중소일반,- (백만원),0 (백만원),- (백만원),352 (백만원),"3,200,000 주",100 원,"신주모집 : 3,200,000 주 (100%)","2,000 ~ 2,000 원",101.73:1,"2,000 원","6,400 (백만원)",주,"2,400,000 주  (75%)","800,000 주  (25%)","청약 최고한도 :  40,000 주",,0.00%
유일에너테크,2021/02/25,16000.0,32000.0,100%,34500.0,340930,코스닥,특수 목적용 기계 제조업,중소일반,"47,015 (백만원)","10,379 (백만원)","8,164 (백만원)","5,295 (백만원)","2,415,200 주",500 원,"신주모집 : 1,718,150 주 (71.14%) 
	/   구주매출 : 697,050 주 (28.86%)","11,000 ~ 14,000 원",683.55:1,"16,000 원","38,643 (백만원)","60,380 주  (2.5%)","1,751,020~1,871,780 주  (72.5~77.5%)","483,040~603,800 주  (20~25%)","청약 최고한도 :  24,000~30,000 주",1427.69:1,61.06%
씨이랩,2021/02/24,35000.0,46600.0,33.14%,40800.0,189330,코스닥,소프트웨어 개발 및 공급업,중소일반,"7,089 (백만원)",95 (백만원),62 (백만원),"1,478 (백만원)","650,000 주",500 원,"신주모집 : 650,000 주 (100%)","23,000 ~ 31,000 원",195.53:1,"35,000 원","22,750 (백만원)",주,"487,500~520,000 주  (75~80%)","130,000~162,500 주  (20~25%)","청약 최고한도 :  6,500~8,125 주",1371.37:1,12.97%
오로스테크놀로지,2021/02/24,21000.0,42000.0,100%,54600.0,322310,코스닥,특수 목적용 기계 제조업,중소일반,"26,901 (백만원)","9,743 (백만원)","7,570 (백만원)","4,654 (백만원)","1,900,000 주",500 원,"신주모집 : 1,900,000 주 (100%)","17,000 ~ 21,000 원",1033.82:1,"21,000 원","39,900 (백만원)","285,000 주  (15%)","1,045,000~1,425,000 주  (55~75%)","475,000~570,000 주  (25~30%)","청약 최고한도 :  30,000~38,000 주",1260:1,37.12%
피엔에이치테크,2021/02/16,18000.0,20500.0,13.89%,23850.0,239890,코스닥,기초화학물질 제조업,중소일반,"7,127 (백만원)","-7,627 (백만원)","-7,627 (백만원)","1,997 (백만원)","688,000 주",500 원,"신주모집 : 500,000 주 (72.67%) 
	/   구주매출 : 188,000 주 (27.33%)","14,000 ~ 17,000 원",1528.76:1,"18,000 원","12,384 (백만원)",주,"516,000 주  (70~75%)","172,000 주  (25~30%)","청약 최고한도 :  5,000 주",1454.47:1,9.58%
하나금융스팩17호,2021/02/10,2000.0,2045.0,2.25%,2050.0,363260,코스닥,금융 지원 서비스업,중소일반,- (백만원),0 (백만원),- (백만원),681 (백만원),"6,000,000 주",100 원,"신주모집 : 6,000,000 주 (100%)","2,000 ~ 2,000 원",168.68:1,"2,000 원","12,000 (백만원)",주,"4,800,000 주  (75~80%)","1,200,000 주  (20~25%)","청약 최고한도 :  95,000 주",,0.00%
프레스티지바이오파마(유가),2021/02/05,32000.0,28800.0,-10%,32800.0,950210,거래소,자연과학 및 공학 연구개발업,중소일반,- (백만원),0 (백만원),- (백만원),- (백만원),"15,341,640 주",- 원,"신주모집 : 14,000,000 주 (91.25%) 
	/   구주매출 : 1,341,640 주 (8.75%)","25,000 ~ 32,000 원",237.13:1,"32,000 원","490,932 (백만원)",주,"12,273,312  주  (80%)","3,068,328  주  (20%)",청약 최고한도 :  - 주,819.76:1,19.31%
아이퀘스트,2021/02/05,11000.0,22000.0,100%,20000.0,262840,코스닥,소프트웨어 개발 및 공급업,중소일반,"13,153 (백만원)","4,220 (백만원)","3,650 (백만원)",986 (백만원),"2,000,000 주",100 원,"신주모집 : 2,000,000 주 (100%)","9,200 ~ 10,600 원",2853.34:1,"11,000 원","22,000 (백만원)",주,"1,600,000 주  (75~80%)","400,000 주  (20~25%)","청약 최고한도 :  20,000 주",1504.02:1,18.70%
신한스팩7호,2021/02/04,2000.0,2020.0,1%,2030.0,366330,코스닥,기타 금융업,중소일반,- (백만원),0 (백만원),- (백만원),455 (백만원),"4,000,000 주",100 원,"신주모집 : 4,000,000 주 (100%)","2,000 ~ 2,000 원",7.45:1,"2,000 원","8,000 (백만원)",주,"3,200,000 주  (75~80%)","800,000 주  (20~25%)","청약 최고한도 :  80,000 주",,0.00%
와이더플래닛,2021/02/03,16000.0,24900.0,55.63%,20000.0,321820,코스닥,소프트웨어 개발 및 공급업,중소일반,"34,760 (백만원)","-1,452 (백만원)","-1,452 (백만원)","3,381 (백만원)","1,000,000 주",500 원,"신주모집 : 1,000,000 주 (100%)","12,000 ~ 15,000 원",1357.98:1,"16,000 원","16,000 (백만원)","50,000 주  (5%)","750,000 주  (75%)","200,000 주  (20%)","청약 최고한도 :  18,000 주",1449.22:1,9.59%
레인보우로보틱스,2021/02/03,10000.0,20000.0,100%,26000.0,277810,코스닥,특수 목적용 기계 제조업,중소일반,"1,694 (백만원)","-5,361 (백만원)","-5,497 (백만원)","7,922 (백만원)","2,650,000 주",500 원,"신주모집 : 2,650,000 주 (100%)","7,000 ~ 9,000 원",1201.26:1,"10,000 원","26,500 (백만원)","265,000 주  (10%)","1,855,000 주  (70%)","530,000 주  (20%)","청약 최고한도 :  13,000 주",1489.9:1,19.90%
솔루엠(유가),2021/02/02,17000.0,34000.0,100%,29150.0,248070,거래소,기타 전자부품 제조업,중소일반,"913,607 (백만원)","40,260 (백만원)","38,483 (백만원)","23,166 (백만원)","6,400,000 주",500 원,"신주모집 : 6,400,000 주 (100%)","13,700 ~ 15,500 원",1147.76:1,"17,000 원","108,800 (백만원)","1,280,000 주  (20%)","5,120,000 주  (60~80%)","1,280,000 주  (20~25%)",청약 최고한도 :  - 주,1167.55:1,20.79%
핑거,2021/01/29,16000.0,32000.0,100%,29100.0,163730,코스닥,소프트웨어 개발 및 공급업,중소일반,"60,015 (백만원)","3,775 (백만원)","3,174 (백만원)","4,419 (백만원)","1,300,000 주",500 원,"신주모집 : 1,000,000 주 (76.92%) 
	/   구주매출 : 300,000 주 (23.08%)","13,000 ~ 15,000 원",939.39:1,"16,000 원","20,800 (백만원)","260,000 주  (20%)","780,000 주  (60%)","260,000 주  (20%)","청약 최고한도 :  13,000 주",1453.12:1,12.64%
씨앤투스성진,2021/01/28,32000.0,31700.0,-0.94%,28700.0,352700,코스닥,기타 섬유제품 제조업,중소일반,"47,481 (백만원)",-684 (백만원),-430 (백만원),"4,732 (백만원)","1,600,000 주",500 원,"신주모집 : 1,600,000 주 (100%)","26,000 ~ 32,000 원",674.04:1,"32,000 원","51,200 (백만원)",주,"1,280,000 주  (75~80%)","320,000 주  (20~25%)","청약 최고한도 :  16,000~20,000 주",1010.02:1,1.70%
모비릭스,2021/01/28,14000.0,28000.0,100%,36400.0,348030,코스닥,소프트웨어 개발 및 공급업,중소일반,"40,340 (백만원)","7,572 (백만원)","6,189 (백만원)",927 (백만원),"1,800,000 주",100 원,"신주모집 : 1,800,000 주 (100%)","10,500 ~ 14,000 원",1485.51:1,"14,000 원","25,200 (백만원)","103,000 주  (5.72%)","1,337,000 주  (74.3%)","360,000 주  (20%)","청약 최고한도 :  9,000 주",1407.53:1,5.73%
선진뷰티사이언스,2021/01/27,11500.0,23000.0,100%,29900.0,086710,코스닥,기타 화학제품 제조업,중소일반,"47,403 (백만원)",44 (백만원),"4,333 (백만원)","3,057 (백만원)","1,835,000 주",500 원,"신주모집 : 1,225,000 주 (66.76%) 
	/   구주매출 : 610,000 주 (33.24%)","10,100 ~ 11,500 원",1987.74:1,"11,500 원","21,103 (백만원)","183,500 주  (10%)","1,284,500 주  (70%)","367,000 주  (20%)","청약 최고한도 :  22,000 주",1431:1,17.83%
엔비티,2021/01/21,19000.0,38000.0,100%,36500.0,236810,코스닥,광고업,중소일반,"45,058 (백만원)",672 (백만원),744 (백만원),831 (백만원),"832,000 주",100 원,"신주모집 : 832,000 주 (100%)","13,200 ~ 17,600 원",4397.67:1,"19,000 원","15,808 (백만원)","83,200 주  (10%)","582,400 주  (70%)","166,400 주  (20%)","청약 최고한도 :  8,300 주",1425.3:1,10.70%
한국스팩9호,2021/01/21,2000.0,2020.0,1%,2030.0,368770,코스닥,금융 지원 서비스업,중소일반,- (백만원),0 (백만원),- (백만원),481 (백만원),"4,000,000 주",100 원,"신주모집 : 4,000,000 주 (100%)","2,000 ~ 2,000 원",46.54:1,"2,000 원","8,000 (백만원)",주,"3,200,000 주  (80%)","800,000 주  (20%)","청약 최고한도 :  78,000 주",,0.00%
유안타스팩7호,2020/12/28,2000.0,2010.0,0.5%,2005.0,367460,코스닥,금융 지원 서비스업,중소일반,- (백만원),0 (백만원),- (백만원),115 (백만원),- 주,100 원,신주모집 : - 주 (100%),"2,000 ~ 2,000 원",0.22:1,"2,000 원","8,700 (백만원)",주,"3,480,000 주  (80%)","870,000 주  (20%)","청약 최고한도 :  43,500 주",,0.00%
지놈앤컴퍼니,2020/12/23,40000.0,80000.0,100%,68800.0,314130,코스닥,기초 의약물질 및 생물학적 제제 제조업,중소일반,46 (백만원),"-84,669 (백만원)","-84,669 (백만원)","6,930 (백만원)","2,000,000 주",500 원,"신주모집 : 1,806,260 주 (90.31%) 
	/   구주매출 : 193,740 주 (9.69%)","36,000 ~ 40,000 원",1175.10:1,"40,000 원","80,000 (백만원)","150,000 주  (7.5%)","1,450,000 주  (72.5%)","400,000 주  (20%)","청약 최고한도 :  13,000 주",1163.49:1,9.08%
대신밸런스스팩9호,2020/12/23,2000.0,2020.0,1%,2050,369370,코스닥,금융 지원 서비스업,중소일반,- (백만원),0 (백만원),- (백만원),421 (백만원),"3,500,000 주",100 원,"신주모집 : 3,500,000 주 (100%)","2,000 ~ 2,000 원",5.31:1,"2,000 원","7,000 (백만원)",주,"2,800,000 주  (80%)","700,000 주  (20%)","청약 최고한도 :  70,000 주",,0.00%
석경에이티,2020/12/23,10000.0,20000.0,100%,26000,357550,코스닥,기초 화학물질 제조업,중소일반,"6,403 (백만원)","1,328 (백만원)","1,111 (백만원)","2,727 (백만원)","1,000,000 주",500 원,"신주모집 : 1,000,000 주 (100%)","8,000 ~ 10,000 원",1751.58:1,"10,000 원","10,000 (백만원)",주,"800,000 주  (80%)","200,000 주  (20%)","청약 최고한도 :  6,000 주",1390.29:1,6.68%
이에스알켄달스퀘어리츠(유가),2020/12/23,5000.0,4970.0,-0.6%,5190,365550,거래소,부동산 임대 및 공급업,중소일반,- (백만원),0 (백만원),- (백만원),"143,259 (백만원)","71,459,000 주","1,000 원","신주모집 : 71,459,000 주 (100%)","5,000 ~ 5,000 원",3.59:1,"5,000 원","357,295 (백만원)",주,"17,864,750 주  (75%)","53,594,250 주  (25%)",청약 최고한도 :  - 주,,0.00%
프리시젼바이오,2020/12/22,12500.0,25000.0,100%,32500,335810,코스닥,의료용 기기 제조업,중소일반,"2,409 (백만원)",-706 (백만원),-706 (백만원),"5,621 (백만원)","1,500,000 주",500 원,"신주모집 : 1,500,000 주 (100%)","10,500 ~ 12,500 원",1557.29:1,"12,500 원","18,750 (백만원)",주,"1,200,000 주  (80%)","300,000 주  (20%)","청약 최고한도 :  9,000 주",1231.23:1,1.62%
알체라,2020/12/21,10000.0,20000.0,100%,26000,347860,코스닥,소프트웨어 개발 및 공급업,중소일반,"3,291 (백만원)","-11,416 (백만원)","-11,416 (백만원)","6,684 (백만원)","2,000,000 주",500 원,"신주모집 : 2,000,000 주 (100%)","8,000 ~ 10,000 원",1322.58:1,"10,000 원","20,000 (백만원)","100,000 주  (5%)","1,500,000 주  (75%)","400,000 주  (20%)","청약 최고한도 :  12,000 주",1315.61:1,3.88%
엔에이치스팩18호,2020/12/21,2000.0,2025.0,1.25%,2025,365590,코스닥,금융 지원 서비스업,중소일반,- (백만원),0 (백만원),- (백만원),460 (백만원),"3,500,000 주",100 원,"신주모집 : 3,500,000 주 (100%)","2,000 ~ 2,000 원",6.81:1,"2,000 원","7,000 (백만원)",주,"2,800,000 주  (80%)","700,000 주  (20%)","청약 최고한도 :  70,000 주",,0.00%
에프앤가이드,2020/12/17,7000.0,14000.0,100%,12850,064850,코스닥,기타 정보 서비스업,중소일반,"21,083 (백만원)","3,892 (백만원)","3,479 (백만원)","6,018 (백만원)","1,626,190 주",500 원,"신주모집 : 988,449 주 (60.78%) 
	/   구주매출 : 637,741 주 (39.22%)","5,200 ~ 6,500 원",1353.9:1,"7,000 원","11,383 (백만원)","162,619  주  (10%)","1,138,333 주  (70%)","325,238 주  (20%)","청약 최고한도 :  9,500 주",1327.98:1,7.60%
에이치엠씨아이비스팩5호,2020/12/16,2000.0,2000.0,0%,-,353060,코스닥,기타 금융업,중소일반,- (백만원),0 (백만원),- (백만원),511 (백만원),"5,000,000 주",100 원,"신주모집 : 5,000,000 주 (100%)","2,000 ~ 2,000 원",0.64:1,"2,000 원","10,000 (백만원)",주,"4,000,000 주  (80%)","1,000,000 주  (20%)","청약 최고한도 :  100,000 주",,0.00%
티엘비,2020/12/14,38000.0,75900.0,99.74%,54500,356860,코스닥,전자부품 제조업,중소일반,"149,136 (백만원)","10,754 (백만원)","9,473 (백만원)","2,458 (백만원)","1,000,000 주",500 원,"신주모집 : 890,000 주 (89%) 
	/   구주매출 : 110,000 주 (11%)","33,200 ~ 38,000 원",1551.19:1,"38,000 원","38,000 (백만원)","30,000 주  (3%)","770,000 주  (77%)","200,000 주  (20%)","청약 최고한도 :  20,000 주",1318.82:1,6.10%
인바이오,2020/12/11,5800.0,11600.0,100%,12200,352940,코스닥,"비료, 농약 및 살균, 살충제 제조업",중소일반,"33,736 (백만원)","1,178 (백만원)","1,020 (백만원)","5,042 (백만원)","1,630,000 주",500 원,"신주모집 : 1,630,000 주 (100%)","5,100 ~ 5,800 원",1414.15:1,"5,800 원","9,454 (백만원)",주,"1,304,000 주  (80%)","326,000 주  (20%)","청약 최고한도 :  10,000 주",1386.04:1,8.23%
엔젠바이오,2020/12/10,14000.0,28000.0,100%,25650,354200,코스닥,"기타 전문, 과학 및 기술 서비스업",중소일반,"1,478 (백만원)","-6,846 (백만원)","-6,865 (백만원)","12,215 (백만원)","2,444,000 주","1,000 원","신주모집 : 2,444,000 주 (100%)","10,500 ~ 14,000 원",1502.4:1,"14,000 원","34,216 (백만원)",주,"1,955,200 주  (80%)","488,800 주  (20%)","청약 최고한도 :  24,400 주",1006.96:1,3.33%
퀀타매트릭스,2020/12/09,25500.0,25050.0,-1.76%,24100,317690,코스닥,의료용 기기 제조업,중소일반,811 (백만원),"-63,845 (백만원)","-63,811 (백만원)","7,294 (백만원)","1,707,000 주",500 원,"신주모집 : 1,707,000 주 (100%)","19,700 ~ 25,500 원",167.87:1,"25,500 원","43,529 (백만원)",주,"1,365,600 주  (80%)","341,400 주  (20%)","청약 최고한도 :  17,000 주",185.56:1,4.60%
디비금융스팩8호,2020/12/09,2000.0,1985.0,-0.75%,1985,367340,코스닥,기타 금융업,중소일반,- (백만원),0 (백만원),- (백만원),605 (백만원),"5,000,000 주",100 원,"신주모집 : 5,000,000 주 (100%)","2,000 ~ 2,000 원",0.71:1,"2,000 원","10,000 (백만원)",주,"4,000,000 주  (80%)","1,000,000 주  (20%)","청약 최고한도 :  100,000 주",,0.00%
명신산업(유가),2020/12/07,6500.0,13000.0,100%,16900,009900,거래소,자동차 신품 부품 제조업,중소일반,"775,740 (백만원)","48,459 (백만원)","33,843 (백만원)","22,028 (백만원)","15,728,791 주",500 원,"신주모집 : 5,242,930 주 (33.33%) 
	/   구주매출 : 10,485,861 주 (66.67%)","4,900 ~ 5,800 원",1372.94:1,"6,500 원","102,237 (백만원)","3,145,758 주  (20%)","9,437,274 주  (60%)","3,145,759 주  (20%)",청약 최고한도 :  - 주,1195.69:1,30.60%
클리노믹스,2020/12/04,13900.0,18500.0,33.09%,19000,352770,코스닥,의료용품 및 기타 의약 관련제품 제조업,중소일반,"4,101 (백만원)","-5,759 (백만원)","-5,760 (백만원)","1,320 (백만원)","1,972,323 주",100 원,"신주모집 : 1,972,323 주 (100%)","10,900 ~ 13,900 원",341.46:1,"13,900 원","27,415 (백만원)",주,"1,577,858 주  (80%)","394,465 주  (20%)","청약 최고한도 :  19,600 주",494.20:1,2.05%
포인트모바일,2020/12/03,15000.0,30000.0,100%,30550,318020,코스닥,컴퓨터 및 주변장치 제조업,중소일반,"62,181 (백만원)","8,228 (백만원)","8,494 (백만원)",616 (백만원),"1,094,873 주",100 원,"신주모집 : 925,200 주 (84.5%) 
	/   구주매출 : 169,673 주 (15.5%)","13,000 ~ 15,000 원",1842.97:1,"15,000 원","16,423 (백만원)","153,673 주  (14.04%)","722,220 주  (65.96%)","218,980 주  (20%)","청약 최고한도 :  20,000 주",1447.07:1,18.19%
엔에프씨,2020/12/02,13400.0,20700.0,54.48%,16950,265740,코스닥,기타 화학제품 제조업,중소일반,"32,860 (백만원)","7,587 (백만원)","6,572 (백만원)",917 (백만원),"2,000,000 주",100 원,"신주모집 : 2,000,000 주 (100%)","10,200 ~ 13,400 원",643.85:1,"13,400 원","26,800 (백만원)",주,"1,600,000 주  (80%)","400,000 주  (20%)","청약 최고한도 :  20,000 주",979.94:1,6.15%
앱코,2020/12/02,24300.0,30150.0,24.07%,28900,129890,코스닥,컴퓨터 및 주변장치 제조업,중소일반,"84,271 (백만원)","4,188 (백만원)","3,474 (백만원)","4,844 (백만원)","2,507,000 주",500 원,"신주모집 : 2,007,000 주 (80.06%) 
	/   구주매출 : 500,000 주 (19.94%)","21,400 ~ 24,300 원",978.13:1,"24,300 원","60,920 (백만원)",주,"2,005,600 주  (80%)","501,400 주  (20%)","청약 최고한도 :  25,000 주",1141.02:1,3.64%
제일전기공업,2020/11/26,17000.0,34000.0,100%,28650,199820,코스닥,배전반 및 전기 자동제어반 제조업,중소일반,"146,148 (백만원)","16,643 (백만원)","14,127 (백만원)","5,555 (백만원)","2,900,000 주",500 원,"신주모집 : 1,450,000 주 (50%) 
	/   구주매출 : 1,450,000 주 (50%)","15,000 ~ 17,000 원",1396.1:1,"17,000 원","49,300 (백만원)",주,"2,320,000 주  (80%)","580,000 주  (20%)","청약 최고한도 :  23,000 주",1196.21:1,8.86%
하나기술,2020/11/25,35000.0,70000.0,100%,91000,299030,코스닥,특수 목적용 기계 제조업,중소일반,"59,294 (백만원)","4,499 (백만원)","4,317 (백만원)","1,822 (백만원)","800,000 주",500 원,"신주모집 : 800,000 주 (100%)","31,000 ~ 35,000 원",1802.10:1,"35,000 원","28,000 (백만원)",주,"640,000 주  (80%)","160,000 주  (20%)","청약 최고한도 :  8,000 주",1393.98:1,16.83%
티앤엘,2020/11/20,36000.0,72000.0,100%,54000.0,340570,코스닥,의료용품 및 기타 의약 관련제품 제조업,중소일반,"32,655 (백만원)","8,374 (백만원)","7,286 (백만원)","2,032 (백만원)","800,000 주",500 원,"신주모집 : 800,000 주 (100%)","34,000 ~ 38,000 원",1109.19:1,"36,000 원","28,800 (백만원)","40,000 주  (5%)","600,000 주  (75%)","160,000 주  (20%)","청약 최고한도 :  5,000 주",338.91:1,0.41%
에이플러스에셋어드바이저(유가),2020/11/20,7500.0,8100.0,8%,6880.0,244920,거래소,보험 및 연금관련 서비스업,중소일반,"269,373 (백만원)","23,066 (백만원)","15,385 (백만원)","11,303 (백만원)","2,798,086 주",500 원,"신주모집 : 1,146,154 주 (40.96%) 
	/   구주매출 : 1,651,932 주 (59.04%)","10,500 ~ 12,300 원",24.75:1,"7,500 원","20,986 (백만원)","559,618 주  (20%)","1,678,850 주  (60%)","559,618 주  (20%)",청약 최고한도 :  - 주,3.66:1,25.40%
고바이오랩,2020/11/18,15000.0,30000.0,100%,31300.0,348150,코스닥,자연과학 및 공학 연구개발업,중소일반,577 (백만원),"-44,067 (백만원)","-44,067 (백만원)","7,742 (백만원)","2,400,000 주",500 원,"신주모집 : 2,400,000 주 (100%)","18,000 ~ 23,000 원",566.54:1,"15,000 원","36,000 (백만원)",주,"1,920,000 주  (80%)","480,000 주  (20%)","청약 최고한도 :  12,000 주",64.33:1,0.03%
네패스아크,2020/11/17,26500.0,36200.0,36.6%,38700.0,330860,코스닥,전자부품 제조업,중소일반,"54,719 (백만원)","6,478 (백만원)","4,653 (백만원)","5,252 (백만원)","2,340,400 주",500 원,"신주모집 : 2,340,400 주 (100%)","23,400 ~ 26,500 원",830.21:1,"26,500 원","62,021 (백만원)","70,000 주  (3%)","1,802,320 주  (77%)","468,080 주  (20%)","청약 최고한도 :  23,000 주",707.7:1,1.60%
교촌에프앤비(유가),2020/11/12,12300.0,23850.0,93.9%,31000.0,339770,거래소,음·식료품 및 담배 도매업,중소일반,"380,091 (백만원)","36,980 (백만원)","29,518 (백만원)","12,491 (백만원)","5,800,000 주",500 원,"신주모집 : 4,060,000 주 (70%) 
	/   구주매출 : 1,740,000 주 (30%)","10,600 ~ 12,300 원",1318.29:1,"12,300 원","71,340 (백만원)","1,160,000 주  (20%)","3,480,000 주  (60%)","1,160,000 주  (20%)","청약 최고한도 :  50,000 주",999.44:1,3.90%
소룩스,2020/11/06,10000.0,20000.0,100%,26000.0,290690,코스닥,전구 및 조명장치 제조업,중소일반,"71,108 (백만원)","6,748 (백만원)","5,794 (백만원)",815 (백만원),"1,973,670 주",100 원,"신주모집 : 1,619,790 주 (82.07%) 
	/   구주매출 : 353,880 주 (17.93%)","8,000 ~ 10,000 원",1660.08:1,"10,000 원","19,737 (백만원)",주,"1,578,936 주  (80%)","394,734 주  (20%)","청약 최고한도 :  19,700 주",1135.7:1,0.80%
위드텍,2020/10/30,25000.0,37100.0,48.4%,41100.0,348350,코스닥,"측정, 시험, 항해, 제어 및 기타 정밀기기 제조업; 광",중소일반,"58,061 (백만원)","12,729 (백만원)","11,129 (백만원)","2,545 (백만원)","1,060,000 주",500 원,"신주모집 : 1,060,000 주 (100%)","21,000 ~ 25,000 원",1185.51:1,"25,000 원","26,500 (백만원)","39,300 주  (3.7%)","808,700 주  (76.3%)","212,000 주  (20%)","청약 최고한도 :  10,000 주",1336.49:1,23.53%
센코,2020/10/29,13000.0,13350.0,2.69%,15250.0,347000,코스닥,전자부품 제조업,중소일반,"19,835 (백만원)","-2,158 (백만원)","-2,411 (백만원)","3,885 (백만원)","1,612,000 주",500 원,"신주모집 : 1,325,000 주 (82.2%) 
	/   구주매출 : 287,000 주 (17.8%)","10,000 ~ 13,000 원",366.42:1,"13,000 원","20,956 (백만원)","134,010 주  (8.3%)","1,155,590 주  (71.7%)","322,400 주  (20%)","청약 최고한도 :  30,000 주",848.37:1,2.20%
바이브컴퍼니,2020/10/28,28000.0,40000.0,42.86%,31300.0,301300,코스닥,소프트웨어 개발 및 공급업,중소일반,"16,298 (백만원)",-842 (백만원),-777 (백만원),"2,697 (백만원)","650,000 주",500 원,"신주모집 : 650,000 주 (100%)","23,000 ~ 28,000 원",1266.22:1,"28,000 원","18,200 (백만원)","130,000 주  (20%)","390,000 주  (60%)","130,000 주  (20%)","청약 최고한도 :  3,800 주",1221.45:1,7.96%
미코바이오메드,2020/10/22,15000.0,16100.0,7.33%,13700.0,214610,코스닥,의료용 기기 제조업,중소일반,"4,098 (백만원)","-13,172 (백만원)","-13,172 (백만원)","8,358 (백만원)","2,500,000 주",500 원,"신주모집 : 2,500,000 주 (100%)","12,000 ~ 15,000 원",41.74:1,"15,000 원","37,500 (백만원)","250,000 주  (10%)","1,750,000 주  (70%)","500,000 주  (20%)","청약 최고한도 :  20,000 주",159.15:1,0.02%
피플바이오,2020/10/19,20000.0,18000.0,-10%,23400.0,304840,코스닥,"물리, 화학 및 생물학 연구개발업",중소일반,895 (백만원),"-4,001 (백만원)","-4,001 (백만원)","2,752 (백만원)","500,000 주",500 원,"신주모집 : 500,000 주 (100%)","25,000 ~ 30,000 원",51.08:1,"20,000 원","10,000 (백만원)",주,"400,000 주  (80%)","100,000 주  (20%)","청약 최고한도 :  6,000 주",40.4:1,0.00%
빅히트(유가),2020/10/15,135000.0,270000.0,100%,258000.0,352820,거래소,오디오물 출판 및 원판 녹음업,중소일반,"587,224 (백만원)","98,492 (백만원)","72,424 (백만원)","17,811 (백만원)","7,130,000 주",500 원,"신주모집 : 7,130,000 주 (100%)","105,000 ~ 135,000 원",606.97:1,"135,000 원","962,550 (백만원)","1,426,000 주  (20%)","4,278,000 주  (60%)","1,426,000 주  (20%)",청약 최고한도 :  - 주,1117.25:1,43.85%
넥스틴,2020/10/08,75400.0,71100.0,-5.7%,71600.0,348210,코스닥,특수 목적용 기계 제조업,중소일반,"9,394 (백만원)","-2,625 (백만원)","-2,625 (백만원)","1,567 (백만원)","320,000 주",500 원,"신주모집 : 320,000 주 (100%)","61,500 ~ 75,400 원",13.92:1,"75,400 원","24,128 (백만원)","29,000 주  (9.1%)","227,000 주  (70.9%)","64,000 주  (20%)","청약 최고한도 :  3,200 주",30.25:1,23.30%
원방테크,2020/09/24,54300.0,48900.0,-9.94%,43700.0,053080,코스닥,일반 목적용 기계 제조업,중소일반,"118,882 (백만원)","18,862 (백만원)","14,592 (백만원)","2,147 (백만원)","1,282,716 주",500 원,"신주모집 : 384,815 주 (30%) 
	/   구주매출 : 897,901 주 (70%)","43,000 ~ 54,300 원",348.77:1,"54,300 원","69,651 (백만원)","46,053 주  (3.6%)","980,113 주  (76.4%)","256,550 주  (20%)","청약 최고한도 :  12,500 주",406.8:1,3.20%
엔에이치스팩17호,2020/09/23,2000.0,2005.0,0.25%,1995.0,359090,코스닥,금융 지원 서비스업,중소일반,- (백만원),0 (백만원),- (백만원),701 (백만원),"6,000,000 주",100 원,"신주모집 : 6,000,000 주 (100%)","2,000 ~ 2,000 원",0.59:1,"2,000 원","12,000 (백만원)",주,"4,800,000 주  (80%)","1,200,000 주  (20%)","청약 최고한도 :  120,000 주",,0.00%
비나텍,2020/09/23,33000.0,44000.0,33.33%,40750.0,126340,코스닥,일차전지 및 축전지 제조업,중소일반,"42,763 (백만원)","5,956 (백만원)","4,405 (백만원)","2,435 (백만원)","600,000 주",500 원,"신주모집 : 600,000 주 (100%)","27,000 ~ 32,000 원",1386.85:1,"33,000 원","19,800 (백만원)","90,000 주  (15%)","390,000 주  (65%)","120,000 주  (20%)","청약 최고한도 :  6,000 주",1098.10:1,22.47%
박셀바이오,2020/09/22,30000.0,27000.0,-10%,21300.0,323990,코스닥,자연과학 및 공학 연구개발업,중소일반,- (백만원),"-1,254 (백만원)","-1,254 (백만원)","3,761 (백만원)","985,160 주",500 원,"신주모집 : 985,160 주 (100%)","30,000 ~ 35,000 원",96.44:1,"30,000 원","29,555 (백만원)",주,"788,128 주  (80%)","197,032 주  (20%)","청약 최고한도 :  9,500 주",94.18:1,11.68%
비비씨,2020/09/21,30700.0,27650.0,-9.93%,22300.0,318410,코스닥,기타 제품 제조업,중소일반,"19,073 (백만원)","6,340 (백만원)","5,653 (백만원)","2,190 (백만원)","1,200,000 주",500 원,"신주모집 : 946,000 주 (78.83%) 
	/   구주매출 : 254,000 주 (21.17%)","27,100 ~ 30,700 원",464.19:1,"30,700 원","36,840 (백만원)",주,"960,000 주  (80%)","240,000 주  (20%)","청약 최고한도 :  12,000 주",977.5:1,3.90%
교보스팩10호,2020/09/18,2000.0,2020.0,1%,2005.0,355150,코스닥,기타 금융업,중소일반,- (백만원),0 (백만원),- (백만원),532 (백만원),"3,750,000 주",100 원,"신주모집 : 3,750,000 주 (100%)","2,000 ~ 2,000 원",0.17:1,"2,000 원","7,500 (백만원)",주,"3,000,000 주  (80%)","750,000 주  (20%)","청약 최고한도 :  75,000 주",,0.00%
핌스,2020/09/18,19000.0,21000.0,10.53%,18300.0,347770,코스닥,전자부품 제조업,중소일반,"37,783 (백만원)","6,453 (백만원)","5,544 (백만원)","3,632 (백만원)","2,000,000 주",500 원,"신주모집 : 1,400,000 주 (70%) 
	/   구주매출 : 600,000 주 (30%)","15,000 ~ 19,000 원",1161.84:1,"19,000 원","38,000 (백만원)","70,000 주  (3.5%)","1,530,000 주  (76.5%)","400,000 주  (20%)","청약 최고한도 :  40,000 주",1210.28:1,4.39%
압타머사이언스,2020/09/16,25000.0,28850.0,15.4%,27750.0,291650,코스닥,자연과학 및 공학 연구개발업,중소일반,408 (백만원),"-3,853 (백만원)","-3,853 (백만원)","4,463 (백만원)","1,300,000 주",500 원,"신주모집 : 1,300,000 주 (100%)","20,000 ~ 25,000 원",1251.29:1,"25,000 원","32,500 (백만원)","26,000 주  (2%)","1,014,000 주  (78%)","260,000 주  (20%)","청약 최고한도 :  16,000 주",830.32:1,3.27%
이오플로우,2020/09/14,19000.0,21750.0,14.47%,20000.0,294090,코스닥,의료용 기기 제조업,중소일반,- (백만원),"-9,389 (백만원)","-9,389 (백만원)","1,113 (백만원)","1,400,000 주",100 원,"신주모집 : 1,400,000 주 (100%)","18,000 ~ 21,000 원",686.71:1,"19,000 원","26,600 (백만원)","70,000 주  (5%)","1,050,000 주  (75%)","280,000 주  (20%)","청약 최고한도 :  14,000 주",150.87:1,14.83%
카카오게임즈,2020/09/10,24000.0,48000.0,100%,62400.0,293490,코스닥,소프트웨어 개발 및 공급업,중소일반,"322,392 (백만원)","44,237 (백만원)","33,315 (백만원)","7,320 (백만원)","16,000,000 주",100 원,"신주모집 : 16,000,000 주 (100%)","20,000 ~ 24,000 원",1524.8:1,"24,000 원","384,000 (백만원)","1,522,088 주  (9.51%)","11,277,912 주  (70.49%)","3,200,000 주  (20%)",청약 최고한도 :  - 주,1478.53:1,58.59%
피엔케이피부임상연구센타,2020/09/09,18300.0,28000.0,53.01%,26800.0,347740,코스닥,"기타 전문, 과학 및 기술 서비스업",중소일반,"12,499 (백만원)","6,316 (백만원)","5,376 (백만원)","3,751 (백만원)","2,233,000 주",500 원,"신주모집 : 1,340,000 주 (60.01%) 
	/   구주매출 : 893,000 주 (39.99%)","16,100 ~ 18,300 원","1,727.11:1","18,300 원","40,864 (백만원)",주,"1,786,400 주  (80%)","446,600 주  (20%)","청약 최고한도 :  22,000 주",1372.51:1,17.10%
코람코에너지플러스리츠(유가),2020/08/31,5000.0,4800.0,-4%,4735.0,357120,거래소,부동산 임대업,중소일반,- (백만원),0 (백만원),- (백만원),"34,810 (백만원)","21,320,000 주",500 원,"신주모집 : 21,320,000 주 (100%)","5,000 ~ 5,000 원",1.54:1,"5,000 원","106,600 (백만원)",주,"10,320,000 주  (48.4%)","11,000,000 주  (51.6%)","청약 최고한도 :  2,000,000 주",,0.00%
미래에셋대우스팩5호,2020/08/28,2000.0,2000.0,0%,2010.0,353490,코스닥,기타 금융업,중소일반,- (백만원),0 (백만원),- (백만원),506 (백만원),"4,700,000 주",100 원,"신주모집 : 4,700,000 주 (100%)","2,000 ~ 2,000 원",5.78:1,"2,000 원","9,400 (백만원)",주,"3,760,000 주  (80%)","940,000 주  (20%)","청약 최고한도 :  45,000 주",,0.00%
아이디피,2020/08/24,9800.0,13200.0,34.69%,12500.0,332370,코스닥,컴퓨터 및 주변장치 제조업,중소일반,"23,230 (백만원)","4,052 (백만원)","2,916 (백만원)","3,318 (백만원)","1,600,000 주",500 원,"신주모집 : 1,270,000 주 (79.38%) 
	/   구주매출 : 330,000 주 (20.63%)","8,800 ~ 9,800 원",1149.83:1,"9,800 원","15,680 (백만원)","72,000 주  (4.5%)","1,208,000 주  (75.5%)","320,000 주  (20%)","청약 최고한도 :  20,000 주",894:1,7.40%
셀레믹스,2020/08/21,20000.0,24900.0,24.5%,25800.0,331920,코스닥,기초 의약물질 및 생물학적 제제 제조업,중소일반,"5,141 (백만원)","-2,256 (백만원)","-2,256 (백만원)","3,902 (백만원)","1,320,000 주",500 원,"신주모집 : 1,320,000 주 (100%)","16,100 ~ 20,000 원",1176.45:1,"20,000 원","26,400 (백만원)",주,"1,056,000  주  (80%)","264,000  주  (20%)","청약 최고한도 :  13,200 주",1203.41:1,5.41%
미투젠,2020/08/18,27000.0,29100.0,7.78%,25500.0,950190,코스닥,소프트웨어 개발 및 공급업,중소일반,- (백만원),0 (백만원),- (백만원),- (백만원),"3,199,200 주",- 원,"신주모집 : 1,663,600 주 (52%) 
	/   구주매출 : 1,535,600 주 (48%)","21,000 ~ 27,000 원",1010.86:1,"27,000 원","86,378 (백만원)",주,"2,559,360  주  (80%)","639,840  주  (20%)","청약 최고한도 :  30,000 주",1114.56:1,1.35%
브랜드엑스코퍼레이션,2020/08/13,13000.0,12900.0,-0.77%,11700.0,337930,코스닥,기타 정보 서비스업,중소일반,"64,097 (백만원)","9,307 (백만원)","7,629 (백만원)","9,531 (백만원)","3,797,209 주",500 원,"신주모집 : 2,278,325 주 (60%) 
	/   구주매출 : 1,518,884 주 (40%)","12,400 ~ 15,300 원",8.54:1,"13,000 원","49,364 (백만원)","189,860 주  (5%)","2,847,907 주  (75%)","759,442 주  (20%)","청약 최고한도 :  18,500 주",47.06:1,0.00%
영림원소프트랩,2020/08/12,11500.0,17600.0,53.04%,13650.0,060850,코스닥,시스템 소프트웨어 개발 및 공급업,중소일반,"37,899 (백만원)","4,101 (백만원)","4,127 (백만원)","4,065 (백만원)","1,700,000 주",500 원,"신주모집 : 1,700,000 주 (100%)","9,500 ~ 11,500 원",2493.57:1,"11,500 원","19,550 (백만원)","85,000 주  (5%)","1,275,000 주  (75%)","340,000 주  (20%)","청약 최고한도 :  17,000 주",1269.3:1,4.30%
한국파마,2020/08/10,9000.0,18000.0,100%,16850.0,032300,코스닥,의약품 제조업,중소일반,"66,136 (백만원)","6,958 (백만원)","5,528 (백만원)","5,453 (백만원)","3,243,000 주",500 원,"신주모집 : -16,957,803 주 (-522.9%) 
	/   구주매출 : 20,200,803 주 (622.9%)","6,500 ~ 8,500 원",2036:1,"9,000 원","29,187 (백만원)","150,000 주  (4.6%)","2,444,400 주  (75.4%)","648,600 주  (20%)",청약 최고한도 :  - 주,1296.86:1,0.00%
제이알글로벌리츠(유가),2020/08/07,5000.0,4700.0,-6%,4825.0,348950,거래소,부동산업,중소일반,- (백만원),0 (백만원),- (백만원),"165,600 (백만원)","97,000,000 주","1,000 원","신주모집 : 97,000,000 주 (100%)","5,000 ~ 5,000 원",0.23:1,"5,000 원","485,000 (백만원)",주  (50.52%),"49,000,000 주","48,000,000 주  (49.48%)","청약 최고한도 :  10,000,000 주",,0.00%
이루다,2020/08/06,9000.0,18000.0,100%,17650.0,164060,코스닥,의료용 기기 제조업,중소일반,"17,779 (백만원)","2,110 (백만원)","2,031 (백만원)","3,532 (백만원)","1,500,000 주",500 원,"신주모집 : 1,200,000 주 (80%) 
	/   구주매출 : 300,000 주 (20%)","7,500 ~ 9,000 원",3039.55:1,"9,000 원","13,500 (백만원)","75,000 주  (5%)","1,125,000 주  (75%)","300,000 주  (20%)","청약 최고한도 :  15,000 주",1316.5:1,7.80%
이지스레지던스리츠(유가),2020/08/05,5000.0,4500.0,-10%,4190.0,350520,거래소,부동산 임대 및 공급업,중소일반,- (백만원),0 (백만원),- (백만원),"20,600 (백만원)","17,900,000 주","1,000 원","신주모집 : 17,900,000 주 (100%)","5,000 ~ 5,000 원",2.6:1,"5,000 원","89,500 (백만원)",주,"5,370,000 주  (30%)","12,530,000 주  (70%)","청약 최고한도 :  3,000,000 주",,0.00%
미래에셋맵스리츠1호(유가),2020/08/05,5000.0,4500.0,-10%,4350.0,357250,거래소,비주거용 부동산 관리업,중소일반,- (백만원),0 (백만원),- (백만원),"20,100 (백만원)","14,400,000 주","1,000 원","신주모집 : 14,400,000 주 (100%)","5,000 ~ 5,000 원",9:1,"5,000 원","72,000 (백만원)",주,"6,400,000 주  (44.44%)","8,000,000 주  (55.56%)","청약 최고한도 :  3,000,000 주",,0.00%
와이팜,2020/07/31,11000.0,15550.0,41.36%,18800.0,332570,코스닥,전자부품 제조업,중소일반,"125,429 (백만원)","14,944 (백만원)","11,334 (백만원)","16,713 (백만원)","7,428,272 주",500 원,"신주모집 : 3,714,136 주 (50%) 
	/   구주매출 : 3,714,136 주 (50%)","9,700 ~ 11,000 원",712.13:1,"11,000 원","81,711 (백만원)",주,"5,942,618  주  (80%)","1,485,654  주  (20%)","청약 최고한도 :  59,200 주",407.01:1,8.01%
이엔드디,2020/07/30,14400.0,18200.0,26.39%,21000.0,101360,코스닥,기타 화학제품 제조업,중소일반,"58,313 (백만원)","4,428 (백만원)","6,194 (백만원)","4,676 (백만원)","2,340,000 주",500 원,"신주모집 : 2,340,000 주 (100%)","12,350 ~ 14,400 원",808.62:1,"14,400 원","33,696 (백만원)","117,000 주  (5%)","1,755,000 주  (75%)","468,000 주  (20%)","청약 최고한도 :  22,000 주",1168.72:1,8.99%
엠투아이,2020/07/29,15600.0,18850.0,20.83%,15900.0,347890,코스닥,"측정, 시험, 항해, 제어 및 기타 정밀기기 제조업",중소일반,"24,715 (백만원)","7,043 (백만원)","6,003 (백만원)",839 (백만원),"3,335,000 주",100 원,"신주모집 : 835,000 주 (25.04%) 
	/   구주매출 : 2,500,000 주 (74.96%)","15,600 ~ 18,900 원",176.83:1,"15,600 원","52,026 (백만원)","96,170 주  (2.9%)","2,571,830 주  (77.1%)","667,000 주  (20%)","청약 최고한도 :  33,000 주",61.70:1,1.60%
에이치엠씨아이비스팩4호,2020/07/29,2000.0,2010.0,0.5%,2000.0,353070,코스닥,기타 금융업,중소일반,- (백만원),0 (백만원),- (백만원),431 (백만원),"4,000,000 주",100 원,"신주모집 : 4,000,000 주 (100%)","2,000 ~ 2,000 원",0.68:1,"2,000 원","8,000 (백만원)",주,"3,200,000 주  (80%)","800,000 주  (20%)","청약 최고한도 :  80,000 주",,0.00%
더네이쳐홀딩스,2020/07/27,46000.0,41400.0,-10%,43000.0,298540,코스닥,"섬유, 의복, 신발 및 가죽제품 소매업",중소일반,"235,344 (백만원)","24,941 (백만원)","16,142 (백만원)","3,591 (백만원)","1,200,000 주",500 원,"신주모집 : 1,000,000 주 (83.33%) 
	/   구주매출 : 200,000 주 (16.67%)","45,000 ~ 50,000 원",151.9:1,"46,000 원","55,200 (백만원)","58,800 주  (4.9%)","901,200 주  (75.1%)","240,000 주  (20%)","청약 최고한도 :  8,000 주",97.21:1,8.46%
제놀루션,2020/07/24,14000.0,28000.0,100%,24750.0,225220,코스닥,기초 의약물질 및 생물학적 제제 제조업,중소일반,"3,951 (백만원)",-287 (백만원),-287 (백만원),"1,939 (백만원)","800,000 주",500 원,"신주모집 : 800,000 주 (100%)","12,000 ~ 14,000 원",894.67:1,"14,000 원","11,200 (백만원)","40,000 주  (5%)","600,000 주  (75%)","160,000 주  (20%)","청약 최고한도 :  8,000 주",1161.09:1,21.36%
솔트룩스,2020/07/23,25000.0,40000.0,60%,34300.0,304100,코스닥,시스템 소프트웨어 개발 및 공급업,중소일반,"15,335 (백만원)",135 (백만원),145 (백만원),"2,515 (백만원)","750,000 주",500 원,"신주모집 : 750,000 주 (100%)","24,000 ~ 30,000 원",953.53:1,"25,000 원","18,750 (백만원)","150,000 주  (20%)","450,000 주  (60%)","150,000 주  (20%)","청약 최고한도 :  5,000 주",528.17:1,5.58%
하나금융스팩16호,2020/07/23,2000.0,2020.0,1%,2020.0,343510,코스닥,금융 지원 서비스업,중소일반,- (백만원),0 (백만원),- (백만원),51 (백만원),"3,500,000 주",100 원,"신주모집 : 3,500,000 주 (100%)","2,000 ~ 2,000 원",5.51:1,"2,000 원","7,000 (백만원)",주,"2,800,000 주  (80%)","700,000 주  (20%)","청약 최고한도 :  50,000 주",,0.00%
티에스아이,2020/07/22,10000.0,20000.0,100%,17200.0,277880,코스닥,특수 목적용 기계 제조업,중소일반,"60,918 (백만원)","-10,721 (백만원)","-12,175 (백만원)","3,894 (백만원)","1,847,000 주",500 원,"신주모집 : 1,385,000 주 (74.99%) 
	/   구주매출 : 462,000 주 (25.01%)","7,500 ~ 9,500 원",1621.1:1,"10,000 원","18,470 (백만원)","118,600 주  (6.4%)","1,359,000 주  (73.6%)","369,400 주  (20%)","청약 최고한도 :  36,000 주",1283.73:1,4.97%
이지스밸류플러스리츠(유가),2020/07/16,5000.0,4800.0,-4%,4410.0,334890,거래소,부동산업,중소일반,- (백만원),0 (백만원),- (백만원),300 (백만원),"23,700,000 주","1,000 원","신주모집 : 23,700,000 주 (100%)","5,000 ~ 5,000 원",26.86:1,"5,000 원","118,500 (백만원)",주,"11,850,000 주  (50%)","11,850,000 주  (50%)","청약 최고한도 :  3,800,000 주",87.09:1,8.70%
에이프로,2020/07/16,21600.0,43200.0,100%,56100.0,262260,코스닥,"전동기, 발전기 및 전기 변환 · 공급 · 제어 장치 &",중소일반,"67,358 (백만원)","9,908 (백만원)","7,578 (백만원)","3,440 (백만원)","1,367,917 주",500 원,"신주모집 : 1,367,917 주 (100%)","19,000 ~ 21,600 원",1582.52:1,"21,600 원","29,547 (백만원)",주,"1,094,333 주  (80%)","273,584 주  (20%)","청약 최고한도 :  10,800 주",1090.80:1,10.46%
IBKS스팩13호,2020/07/15,2000.0,2010.0,0.5%,2010.0,351340,코스닥,금융 지원 서비스업,중소일반,- (백만원),0 (백만원),- (백만원),517 (백만원),"4,750,000 주",100 원,"신주모집 : 4,750,000 주 (100%)","2,000 ~ 2,000 원",11.01:1,"2,000 원","9,500 (백만원)",주,"3,800,000 주  (80%)","950,000 주  (20%)","청약 최고한도 :  47,500 주",,0.00%
소마젠,2020/07/13,11000.0,11650.0,5.91%,15100.0,950200,코스닥,"기타 전문, 과학 및 기술 서비스업",중소일반,"21,214 (백만원)","-2,621 (백만원)","-2,623 (백만원)",- (백만원),"4,200,000 주",- 원,"신주모집 : 4,200,000 주 (100%)","11,000 ~ 15,000 원",4.42:1,"11,000 원","46,200 (백만원)",주,"3,360,000  주  (80%)","840,000  주  (20%)","청약 최고한도 :  84,000 주",69.46:1,0.00%
신도기연,2020/07/06,16000.0,32000.0,100%,22400.0,290520,코스닥,특수 목적용 기계 제조업,중소일반,"48,854 (백만원)","4,348 (백만원)","3,189 (백만원)","4,030 (백만원)","1,300,000 주",500 원,"신주모집 : 1,300,000 주 (100%)","14,000 ~ 16,000 원",955.01:1,"16,000 원","20,800 (백만원)",주,"1,040,000 주  (80%)","260,000 주  (20%)","청약 최고한도 :  8,000 주",1272.90:1,14.51%
위더스제약,2020/07/03,15900.0,31800.0,100%,34400.0,330350,코스닥,의약품 제조업,중소일반,"51,732 (백만원)","11,023 (백만원)","8,661 (백만원)","1,550 (백만원)","1,600,000 주",200 원,"신주모집 : 994,415 주 (62.15%) 
	/   구주매출 : 605,585 주 (37.85%)","13,900 ~ 15,900 원",1082.03:1,"15,900 원","25,440 (백만원)","320,000 주  (20%)","960,000 주  (60%)","320,000 주  (20%)","청약 최고한도 :  6,400 주",1033.41:1,17.36%
SK바이오팜(유가),2020/07/02,49000.0,98000.0,100%,127000.0,326030,거래소,자연과학 및 공학 연구개발업,중소일반,"1,069 (백만원)","-142,139 (백만원)","-142,139 (백만원)","39,156 (백만원)","19,578,310 주",500 원,"신주모집 : 13,313,250 주 (68%) 
	/   구주매출 : 6,265,060 주 (32%)","36,000 ~ 49,000 원",323.03:1,"49,000 원","959,337 (백만원)","3,915,662 주  (20%)","11,746,986 주  (60%)","3,915,662 주  (20%)","청약 최고한도 :  72,076 주",835.66:1,81.15%
마크로밀엠브레인,2020/07/01,6800.0,13600.0,100%,16050.0,169330,코스닥,시장조사 및 여론조사업,중소일반,"39,075 (백만원)","2,505 (백만원)","1,952 (백만원)","4,484 (백만원)","1,400,000 주",500 원,"신주모집 : 1,400,000 주 (100%)","5,200 ~ 6,400 원",888.01:1,"6,800 원","9,520 (백만원)","280,000 주  (20%)","840,000 주  (60%)","280,000 주  (20%)","청약 최고한도 :  11,200 주",1056.80:1,19.39%
젠큐릭스,2020/06/25,22700.0,25100.0,10.57%,21650.0,229000,코스닥,의료용품 및 기타 의약 관련제품 제조업,중소일반,267 (백만원),"-5,649 (백만원)","-5,649 (백만원)","2,696 (백만원)","1,000,000 주",500 원,"신주모집 : 1,000,000 주 (100%)","22,700 ~ 26,100 원",12.35:1,"22,700 원","22,700 (백만원)",주,"800,000 주  (80%)","200,000 주  (20%)","청약 최고한도 :  10,000 주",77.03:1,0.00%
IBKS스팩14호,2020/06/22,2000.0,2010.0,0.5%,2010.0,351320,코스닥,기타 금융업,중소일반,- (백만원),0 (백만원),- (백만원),433 (백만원),"4,000,000 주",100 원,"신주모집 : 4,000,000 주 (100%)","2,000 ~ 2,000 원",2.06:1,"2,000 원","8,000 (백만원)",주,"3,200,000 주  (80%)","800,000 주  (20%)","청약 최고한도 :  40,000 주",,0.00%
엘이티,2020/06/22,7800.0,15600.0,100%,20250.0,297890,코스닥,특수 목적용 기계 제조업,중소일반,"40,933 (백만원)","9,466 (백만원)","7,172 (백만원)","4,427 (백만원)","2,197,000 주",500 원,"신주모집 : 2,197,000 주 (100%)","6,400 ~ 7,800 원",1552.16:1,"7,800 원","17,137 (백만원)","439,400 주  (20%)","1,318,200 주  (60%)","439,400 주  (20%)","청약 최고한도 :  20,000 주",1255.9:1,24.50%
에스씨엠생명과학,2020/06/17,17000.0,29500.0,73.53%,36100.0,298060,코스닥,의학 및 약학 연구개발업체,중소일반,29 (백만원),"-40,095 (백만원)","-40,095 (백만원)","5,870 (백만원)","1,800,000 주",500 원,"신주모집 : 1,800,000 주 (100%)","14,000 ~ 17,000 원",814.91:1,"17,000 원","30,600 (백만원)",주,"1,440,000 주  (80%)","360,000 주  (20%)","청약 최고한도 :  30,000 주",1032.17:1,7.70%
엔에이치스팩16호,2020/06/17,2000.0,2005.0,0.25%,2005.0,353190,코스닥,금융 지원 서비스업,중소일반,- (백만원),0 (백만원),- (백만원),431 (백만원),"3,750,000 주",100 원,"신주모집 : 3,750,000 주 (100%)","2,000 ~ 2,000 원",0.78:1,"2,000 원","7,500 (백만원)",주,"3,000,000 주  (80%)","750,000 주  (20%)","청약 최고한도 :  75,000 주",,0.00%
드림씨아이에스,2020/05/22,14900.0,28000.0,87.92%,30500.0,223250,코스닥,자연과학 및 공학 연구개발업,중소일반,"19,200 (백만원)","3,638 (백만원)","3,417 (백만원)","2,709 (백만원)","1,354,786 주",500 원,"신주모집 : 1,354,786 주 (100%)","13,000 ~ 14,900 원",669.22:1,"14,900 원","20,186 (백만원)",주,"1,083,828 주  (80%)","270,958 주  (20%)","청약 최고한도 :  10,800 주",926.11:1,6.82%
이베스트스팩5호,2020/05/20,2000.0,2000.0,0%,2000.0,349720,코스닥,금융 지원 서비스업,중소일반,- (백만원),0 (백만원),- (백만원),362 (백만원),"3,500,000 주",100 원,"신주모집 : 3,500,000 주 (100%)","2,000 ~ 2,000 원",0.21:1,"2,000 원","7,000 (백만원)",주,"2,800,000 주  (80%)","700,000 주  (20%)","청약 최고한도 :  70,000 주",,0.00%
케이프이에스스팩4호,2020/03/24,2000.0,2005.0,0.25%,1980.0,347140,코스닥,기타 금융업,중소일반,- (백만원),0 (백만원),- (백만원),300 (백만원),"2,500,000 주",100 원,"신주모집 : 2,500,000 주 (100%)","2,000 ~ 2,000 원",8.71:1,"2,000 원","5,000 (백만원)",주,"2,000,000 주  (80%)","500,000 주  (20%)","청약 최고한도 :  50,000 주",,0.00%
엔피디,2020/03/16,5400.0,4860.0,-10%,3775.0,198080,코스닥,통신 및 방송 장비 제조업,중소일반,"259,266 (백만원)","11,671 (백만원)","8,574 (백만원)","10,767 (백만원)","7,550,000 주",500 원,"신주모집 : 7,550,000 주 (100%)","5,400 ~ 6,300 원",32.65:1,"5,400 원","40,770 (백만원)","53,100 주  (0.7%)","5,986,900 주  (79.3%)","1,510,000 주  (20%)","청약 최고한도 :  75,000 주",307.50:1,8.78%
플레이디,2020/03/12,8500.0,11250.0,32.35%,8800.0,237820,코스닥,온라인 광고 대행,중소일반,"34,711 (백만원)","7,261 (백만원)","6,038 (백만원)","6,413 (백만원)","3,689,320 주",500 원,"신주모집 : 3,689,320 주 (100%)","6,800 ~ 7,700 원",864.80:1,"8,500 원","31,359 (백만원)","734,320 주  (19.9%)","2,217,000 주  (60.1%)","738,000 주  (20%)","청약 최고한도 :  36,000 주",1270.7:1,7.55%
에스케이스팩6호,2020/03/11,2000.0,2025.0,1.25%,2010.0,340350,코스닥,기타 금융업,중소일반,- (백만원),0 (백만원),- (백만원),571 (백만원),"5,500,000 주",100 원,"신주모집 : 5,500,000 주 (100%)","2,000 ~ 2,000 원",0.36:1,"2,000 원","11,000 (백만원)",주,"4,400,000 주  (80%)","1,100,000 주  (20%)","청약 최고한도 :  110,000 주",,0.00%
서울바이오시스,2020/03/06,7500.0,13000.0,73.33%,11100.0,092190,코스닥,반도체 제조업,중소일반,"368,194 (백만원)","7,261 (백만원)","5,857 (백만원)","19,111 (백만원)","2,000,000 주",500 원,"신주모집 : 2,000,000 주 (100%)","6,500 ~ 7,500 원",942.70:1,"7,500 원","15,000 (백만원)","400,000  주  (20%)","1,200,000 주  (60%)","400,000 주  (20%)","청약 최고한도 :  20,000 주",1119:1,10.50%
제이앤티씨,2020/03/04,11000.0,10200.0,-7.27%,10350.0,204270,코스닥,전자부품 제조업,중소일반,"229,357 (백만원)","29,481 (백만원)","28,114 (백만원)","28,924 (백만원)","11,000,000 주",500 원,"신주모집 : 11,000,000 주 (100%)","8,500 ~ 10,500 원",3.48:1,"11,000 원","121,000 (백만원)","436,458 주  (3.97%)","8,363,542 주  (76.03%)","2,200,000 주  (20%)","청약 최고한도 :  130,000 주",1077.88:1,6.72%
켄코아에어로스페이스,2020/03/03,10000.0,11500.0,15%,10250.0,274090,코스닥,"항공기,우주선 및 부품 제조업",중소일반,"28,937 (백만원)","-9,988 (백만원)","-9,409 (백만원)","5,254 (백만원)","1,572,330 주",500 원,"신주모집 : 1,314,000 주 (83.57%) 
	/   구주매출 : 258,330 주 (16.43%)","13,000 ~ 15,000 원",256.68:1,"10,000 원","15,723 (백만원)","31,446 주  (2%)","1,226,418 주  (78%)","314,466 주  (20%)","청약 최고한도 :  12,400 주",120.75:1,2.55%
레몬,2020/02/28,7200.0,8620.0,19.72%,10400.0,294140,코스닥,화학섬유 제조업,중소일반,"31,438 (백만원)",16 (백만원),"-2,377 (백만원)","17,250 (백만원)","4,100,000 주",500 원,"신주모집 : 4,100,000 주 (100%)","6,200 ~ 7,200 원",800.07:1,"7,200 원","29,520 (백만원)","550,000 주  (13.4%)","2,730,000 주  (66.6%)","820,000 주  (20%)",청약 최고한도 :  - 주,426:1,6.30%
서남,2020/02/20,3100.0,3900.0,25.81%,4750.0,294630,코스닥,기타 전기장비 제조업,중소일반,"4,854 (백만원)","-1,449 (백만원)","-1,449 (백만원)","10,182 (백만원)","3,500,000 주",500 원,"신주모집 : 3,500,000 주 (100%)","2,700 ~ 3,100 원",881.6:1,"3,100 원","10,850 (백만원)",주,"2,800,000 주  (80%)","700,000 주  (20%)","청약 최고한도 :  23,000 주",1228.4:1,5.21%
신영스팩6호,2020/02/12,2000.0,2000.0,0%,2010.0,344050,코스닥,금융 지원 서비스업,중소일반,- (백만원),0 (백만원),- (백만원),430 (백만원),"4,200,000 주",100 원,"신주모집 : 4,200,000 주 (100%)","2,000 ~ 2,000 원",2.08:1,"2,000 원","8,400 (백만원)",주,"3,360,000 주  (80%)","840,000 주  (20%)","청약 최고한도 :  84,000 주",,0.00%
위세아이텍,2020/02/10,12000.0,13900.0,15.83%,12400.0,065370,코스닥,소프트웨어 개발 및 공급업,중소일반,"16,549 (백만원)","1,821 (백만원)","1,505 (백만원)","2,146 (백만원)","850,000 주",500 원,"신주모집 : 850,000 주 (100%)","10,000 ~ 11,200 원",1076.62:1,"12,000 원","10,200 (백만원)",주,"680,000 주  (80%)","170,000 주  (20%)","청약 최고한도 :  17,000 주",1105.93:1,6.95%
하나금융스팩15호,2020/01/30,2000.0,2000.0,0%,2000.0,341160,코스닥,금융 지원 서비스업,중소일반,- (백만원),0 (백만원),- (백만원),471 (백만원),"4,500,000 주",100 원,"신주모집 : 4,500,000 주 (100%)","2,000 ~ 2,000 원",6.92:1,"2,000 원","9,000 (백만원)",주,"3,600,000 주  (80%)","900,000 주  (20%)","청약 최고한도 :  72,000 주",,0.00%
케이비스팩20호,2020/01/30,2000.0,2000.0,0%,2000.0,342550,코스닥,금융 지원 서비스업,중소일반,- (백만원),0 (백만원),- (백만원),650 (백만원),"6,000,000 주",100 원,"신주모집 : 6,000,000 주 (100%)","2,000 ~ 2,000 원",1.19:1,"2,000 원","12,000 (백만원)",주,"4,800,000 주  (80%)","1,200,000 주  (20%)","청약 최고한도 :  60,000 주",,0.00%
한화플러스스팩1호,2019/12/27,2000.0,2005.0,0.25%,2000.0,340440,코스닥,금융 지원 서비스업,중소일반,- (백만원),0 (백만원),- (백만원),471 (백만원),"4,000,000 주",100 원,"신주모집 : 4,000,000 주 (100%)","2,000 ~ 2,000 원",9.00:1,"2,000 원","8,000 (백만원)",주,"3,200,000 주  (80%)","800,000 주  (20%)","청약 최고한도 :  80,000 주",,0.00%
피피아이,2019/12/26,7000.0,11000.0,57.14%,9630.0,062970,코스닥,통신 및 방송 장비 제조업,중소일반,"38,120 (백만원)","1,758 (백만원)","2,549 (백만원)","4,654 (백만원)","1,000,000 주",500 원,"신주모집 : 1,000,000 주 (100%)","6,000 ~ 7,000 원",1147.7:1,"7,000 원","7,000 (백만원)",주,"800,000 주  (80%)","200,000 주  (20%)","청약 최고한도 :  10,000 주",997.33:1,2.47%
천랩,2019/12/26,40000.0,42950.0,7.38%,38500.0,311690,코스닥,자연과학 및 공학 연구개발업,중소일반,"3,924 (백만원)","-3,135 (백만원)","-3,135 (백만원)","1,683 (백만원)","430,000 주",500 원,"신주모집 : 430,000 주 (100%)","63,000 ~ 78,000 원",638.63:1,"40,000 원","17,200 (백만원)",주,"344,000 주  (80%)","86,000 주  (20%)","청약 최고한도 :  2,500 주",51.11:1,0.00%
엔에이치스팩15호,2019/12/24,2000.0,2000.0,0%,2000.0,339950,코스닥,금융 지원 서비스업,중소일반,- (백만원),0 (백만원),- (백만원),654 (백만원),"6,000,000 주",100 원,"신주모집 : 6,000,000 주 (100%)","2,000 ~ 2,000 원",1.43:1,"2,000 원","12,000 (백만원)",주,"4,800,000 주  (80%)","1,200,000 주  (20%)","청약 최고한도 :  120,000 주",,0.00%
메탈라이프,2019/12/24,13000.0,26000.0,100%,33800.0,327260,코스닥,전자부품 제조업,중소일반,"19,270 (백만원)","4,296 (백만원)","3,742 (백만원)","1,732 (백만원)","700,000 주",500 원,"신주모집 : 700,000 주 (100%)","10,500 ~ 13,000 원",1397.97:1,"13,000 원","9,100 (백만원)",주,"560,000 주  (80%)","140,000 주  (20%)","청약 최고한도 :  7,000 주",1288.21,22.46%
하이스팩5호,2019/12/23,2000.0,2000.0,0%,2005.0,340120,코스닥,금융 지원 서비스업,중소일반,- (백만원),0 (백만원),- (백만원),502 (백만원),"4,250,000 주",100 원,"신주모집 : 4,250,000 주 (100%)","2,000 ~ 2,000 원",0.37:1,"2,000 원","8,500 (백만원)",주,"3,400,000 주  (80%)","850,000 주  (20%)","청약 최고한도 :  85,000 주",,0.00%
브릿지바이오테라퓨틱스,2019/12/20,60000.0,62400.0,4%,54300.0,288330,코스닥,기초 의약물질 및 생물학적 제제 제조업,중소일반,- (백만원),"-40,733 (백만원)","-40,733 (백만원)","3,112 (백만원)","700,000 주",500 원,"신주모집 : 700,000 주 (100%)","70,000 ~ 80,000 원",33.52:1,"60,000 원","42,000 (백만원)","9,800  주  (1.4%)","550,200  주  (78.6%)","140,000  주  (20%)","청약 최고한도 :  9,800 주",58.85:1,0.06%
메드팩토,2019/12/19,40000.0,40000.0,0%,35900.0,235980,코스닥,자연과학 및 공학 연구개발업,중소일반,- (백만원),"-37,578 (백만원)","-37,578 (백만원)","5,048 (백만원)","1,511,000 주",500 원,"신주모집 : 1,511,000 주 (100%)","34,000 ~ 43,000 원",18.84:1,"40,000 원","60,440 (백만원)","39,000 주  (2.6%)","1,169,800 주  (77.4%)","302,200 주  (20%)","청약 최고한도 :  15,000 주",86.41:1,13.83%
대신밸런스스팩8호,2019/12/19,2000.0,2005.0,0.25%,2005.0,336570,코스닥,금융 지원 서비스업,중소일반,- (백만원),0 (백만원),- (백만원),561 (백만원),"5,000,000 주",100 원,"신주모집 : 5,000,000 주 (100%)","2,000 ~ 2,000 원",0.67:1,"2,000 원","10,000 (백만원)",주,"4,000,000 주  (80%)","1,000,000 주  (20%)","청약 최고한도 :  100,000 주",,0.00%
유안타스팩6호,2019/12/19,2000.0,2005.0,0.25%,2000.0,340360,코스닥,금융 지원 서비스업,중소일반,- (백만원),0 (백만원),- (백만원),684 (백만원),"6,500,000 주",100 원,"신주모집 : 6,500,000 주 (100%)","2,000 ~ 2,000 원",0.37:1,"2,000 원","13,000 (백만원)",주,"5,200,000 주  (80%)","1,300,000 주  (20%)","청약 최고한도 :  65,000 주",,0.00%
신테카바이오,2019/12/17,12000.0,14950.0,24.58%,16700.0,226330,코스닥,소프트웨어 개발 및 공급업,중소일반,287 (백만원),"-3,747 (백만원)","-3,747 (백만원)","6,577 (백만원)","1,600,000 주",500 원,"신주모집 : 1,600,000 주 (100%)","15,000 ~ 19,000 원",123.20:1,"12,000 원","19,200 (백만원)",주,"1,280,000 주  (80%)","320,000 주  (20%)","청약 최고한도 :  16,000 주",75.61:1,1.32%
제이엘케이인스펙션,2019/12/11,9000.0,8500.0,-5.56%,9000.0,322510,코스닥,"컴퓨터 프로그래밍, 시스템 통합 및 관리업",중소일반,363 (백만원),"-6,196 (백만원)","-6,277 (백만원)","1,489 (백만원)","2,000,000 주",100 원,"신주모집 : 2,000,000 주 (100%)","11,000 ~ 14,500 원",8.49:1,"9,000 원","18,000 (백만원)",주,"1,600,000 주  (80%)","400,000 주  (20%)","청약 최고한도 :  13,000 주",69.81:1,0.00%
태웅로직스,2019/12/10,4500.0,8170.0,81.56%,6110.0,124560,코스닥,기타 운송관련 서비스업,중소일반,"24,394 (백만원)","9,453 (백만원)","7,318 (백만원)","1,765 (백만원)","5,000,000 주",100 원,"신주모집 : 5,000,000 주 (100%)","3,700 ~ 4,500 원",618.52:1,"4,500 원","22,500 (백만원)","1,000,000 주  (20%)","3,000,000 주  (60%)","1,000,000 주  (20%)","청약 최고한도 :  50,000 주",1024.98:1,2.53%
IBKS스팩12호,2019/12/09,2000.0,2040.0,2%,2050.0,335870,코스닥,금융 지원 서비스업,중소일반,- (백만원),0 (백만원),- (백만원),312 (백만원),"2,900,000 주",100 원,"신주모집 : 2,900,000 주 (100%)","2,000 ~ 2,000 원",76.16:1,"2,000 원","5,800 (백만원)",주,주,주,"청약 최고한도 :  25,000 주",,0.00%
리메드,2019/12/06,13000.0,14100.0,8.46%,13450.0,302550,코스닥,의료용 기기 제조업,중소일반,"8,004 (백만원)","-7,301 (백만원)","-7,381 (백만원)","2,911 (백만원)","600,000 주",500 원,"신주모집 : 600,000 주 (100%)","14,500 ~ 16,500 원",92.69:1,"13,000 원","7,800 (백만원)",주,"480,000 주  (80%)","120,000 주  (20%)","청약 최고한도 :  4,000 주",24.76:1,0.00%
에스케이스팩5호,2019/12/05,2000.0,2010.0,0.5%,2010.0,337450,코스닥,기타 금융업,중소일반,- (백만원),0 (백만원),- (백만원),431 (백만원),"4,000,000 주",100 원,"신주모집 : 4,000,000 주 (100%)","2,000 ~ 2,000 원",0.37:1,"2,000 원","8,000 (백만원)",주,"3,200,000 주  (80%)","800,000 주  (20%)","청약 최고한도 :  80,000 주",,0.00%
엔에이치프라임리츠(유가),2019/12/05,5000.0,5000.0,0%,6500.0,338100,거래소,부동산업,중소일반,- (백만원),0 (백만원),- (백만원),"9,330 (백만원)","13,760,000 주",500 원,"신주모집 : 13,760,000 주 (100%)","5,000 ~ 5,000 원",317.62:1,"5,000 원","68,800 (백만원)",주,"4,000,000 주  (29.1%)","9,760,000 주  (70.9%)",청약 최고한도 :  - 주,711.65:1,43.20%
IBKS스팩11호,2019/12/03,2000.0,2005.0,0.25%,2010.0,335890,코스닥,금융 지원 서비스업,중소일반,- (백만원),0 (백만원),- (백만원),479 (백만원),"4,500,000 주",100 원,"신주모집 : 4,500,000 주 (100%)","2,000 ~ 2,000 원",6.97:1,"2,000 원","9,000 (백만원)",주,"3,600,000 주  (80%)","900,000 주  (20%)","청약 최고한도 :  45,000 주",,0.00%
코리아센터,2019/11/29,18000.0,23000.0,27.78%,22850.0,290510,코스닥,소프트웨어 개발 및 공급업,중소일반,"189,670 (백만원)","6,714 (백만원)","4,874 (백만원)","2,545 (백만원)","2,545,490 주",100 원,"신주모집 : 2,314,082 주 (90.91%) 
	/   구주매출 : 231,408 주 (9.09%)","24,000 ~ 27,200 원",4.13:1,"18,000 원","45,819 (백만원)",주,"2,036,392 주  (80%)","509,098 주  (20%)","청약 최고한도 :  13,200 주",37.77:1,6.04%
유안타스팩5호,2019/11/28,2000.0,2145.0,7.25%,2010.0,336060,코스닥,금융 지원 서비스업,중소일반,- (백만원),0 (백만원),- (백만원),593 (백만원),"5,600,000 주",100 원,"신주모집 : 5,600,000 주 (100%)","2,000 ~ 2,000 원",0.2:1,"2,000 원","11,200 (백만원)",주,주,주,"청약 최고한도 :  56,000 주",,0.00%
노터스,2019/11/27,20000.0,29750.0,48.75%,36500.0,278650,코스닥,자연과학 및 공학 연구개발업,중소일반,"36,308 (백만원)","4,340 (백만원)","3,747 (백만원)",7 (백만원),"500,000 주",100 원,"신주모집 : 500,000 주 (100%)","17,000 ~ 20,000 원",22.31:1,"20,000 원","10,000 (백만원)","25,000  주  (5%)","375,000  주  (75%)","100,000  주  (20%)","청약 최고한도 :  5,000 주",699.46:1,0.59%
센트랄모텍(유가),2019/11/25,6000.0,7650.0,27.5%,9940.0,308170,거래소,자동차 신품 부품 제조업,중소일반,"313,342 (백만원)","5,135 (백만원)","4,469 (백만원)","4,200 (백만원)","2,100,000 주",500 원,"신주모집 : 2,100,000 주 (100%)","5,000 ~ 6,000 원",580.5:1,"6,000 원","12,600 (백만원)","420,000 주  (20%)","1,260,000 주  (60%)","420,000 주  (20%)","청약 최고한도 :  12,000 주",862.63:1,0.00%
티움바이오,2019/11/22,12000.0,11800.0,-1.67%,13450.0,321550,코스닥,자연과학 및 공학 연구개발업,중소일반,"1,129 (백만원)","-13,752 (백만원)","-13,752 (백만원)","11,594 (백만원)","2,500,000 주",500 원,"신주모집 : 2,500,000 주 (100%)","16,000 ~ 20,000 원",5.30:1,"12,000 원","30,000 (백만원)",주,"2,000,000 주  (80%)","500,000 주  (20%)","청약 최고한도 :  25,000 주",37.3:1,0.00%
씨에스베어링,2019/11/21,8400.0,8400.0,0%,8950.0,297090,코스닥,일반 목적용 기계 제조업,중소일반,"50,364 (백만원)","4,281 (백만원)","3,232 (백만원)","4,730 (백만원)","2,380,000 주",500 원,"신주모집 : 1,430,000 주 (60.08%) 
	/   구주매출 : 950,000 주 (39.92%)","7,400 ~ 8,400 원",699.67:1,"8,400 원","19,992 (백만원)","334,000 주  (14%)","1,570,000 주  (66%)","476,000 주  (20%)","청약 최고한도 :  15,000 주",1246.86:1,4.65%
코리아에셋투자증권,2019/11/20,10000.0,9900.0,-1%,8290.0,190650,코스닥,기타 금융업,중소일반,"165,962 (백만원)","7,996 (백만원)","5,507 (백만원)","31,940 (백만원)","1,600,000 주","5,000 원","신주모집 : 1,600,000 주 (100%)","8,000 ~ 10,000 원",231.78,"10,000 원","16,000 (백만원)","320,000 주  (20%)","960,000 주  (60%)","320,000 주  (20%)","청약 최고한도 :  16,000 주",945.66:1,2.25%
우양,2019/11/20,4200.0,6060.0,44.29%,4785.0,103840,코스닥,"과실, 채소 가공 및 저장 처리업",중소일반,"107,437 (백만원)","4,175 (백만원)","3,933 (백만원)","1,425 (백만원)","3,600,000 주",100 원,"신주모집 : 2,400,000 주 (66.67%) 
	/   구주매출 : 1,200,000 주 (33.33%)","3,800 ~ 4,200 원",1037.31,"4,200 원","15,120 (백만원)",주,"2,880,000 주  (80%)","720,000 주  (20%)","청약 최고한도 :  36,000 주",1195.37:1,0.00%
현대에너지솔루션(유가),2019/11/19,18000.0,18200.0,1.11%,17300.0,322000,거래소,반도체 제조업,중소일반,"347,623 (백만원)","13,654 (백만원)","18,614 (백만원)","56,000 (백만원)","4,000,000 주","5,000 원","신주모집 : 4,000,000 주 (100%)","24,000 ~ 28,000 원",126.68:1,"18,000 원","72,000 (백만원)","800,000 주  (20%)","2,400,000 주  (60%)","800,000 주  (20%)","청약 최고한도 :  12,000 주",26.63:1,3.07%
에스제이그룹,2019/11/18,38600.0,43500.0,12.69%,46400.0,306040,코스닥,"가죽, 가방 및 유사제품 제조업",중소일반,"68,630 (백만원)","4,924 (백만원)","3,531 (백만원)","1,647 (백만원)","820,000 주",500 원,"신주모집 : 820,000 주 (100%)","32,000 ~ 38,600 원",512.93:1,"38,600 원","31,652 (백만원)","58,000  주  (7.07%)","598,000  주  (72.93%)","164,000  주  (20%)","청약 최고한도 :  4,000 주",946.62:1,13.56%
제테마,2019/11/14,21000.0,20100.0,-4.29%,22450.0,216080,코스닥,의료용품 및 기타 의약 관련제품 제조업,중소일반,"11,208 (백만원)","-15,727 (백만원)","-15,752 (백만원)","4,064 (백만원)","960,000 주",500 원,"신주모집 : 960,000 주 (100%)","36,000 ~ 48,000 원",590.02:1,"21,000 원","20,160 (백만원)","192,000 주  (20%)","576,000 주  (60%)","192,000 주  (20%)","청약 최고한도 :  5,000 주",12.41:1,0.00%
한화시스템(유가),2019/11/13,12250.0,11600.0,-5.31%,11100.0,272210,거래소,"측정, 시험, 항해, 제어 및 기타 정밀기기 제조업; 광",중소일반,"1,128,925 (백만원)","42,204 (백만원)","41,242 (백만원)","551,151 (백만원)","32,861,424 주","5,000 원","신주모집 : 8,163,265 주 (24.84%) 
	/   구주매출 : 24,698,159 주 (75.16%)","12,250 ~ 14,000 원",16.84:1,"12,250 원","402,552 (백만원)","6,572,285 주  (20%)","19,716,854 주  (60%)","6,572,285 주  (20%)","청약 최고한도 :  95,200 주",23.61:1,4.24%
라파스,2019/11/11,20000.0,19950.0,-0.25%,18050.0,214260,코스닥,자연과학 및 공학 연구개발업,중소일반,"9,725 (백만원)","-3,633 (백만원)","-3,657 (백만원)","4,095 (백만원)","1,600,000 주",500 원,"신주모집 : 1,600,000 주 (100%)","24,000 ~ 29,000 원",813.16:1,"20,000 원","32,000 (백만원)","80,000 주  (5%)","1,200,000 주  (75%)","320,000 주  (20%)","청약 최고한도 :  30,000 주",202.06:1,0.00%
아이티엠반도체,2019/11/07,26000.0,26750.0,2.88%,24700.0,084850,코스닥,전자부품 제조업,중소일반,"228,237 (백만원)","18,616 (백만원)","18,159 (백만원)","11,411 (백만원)","5,050,000 주",500 원,"신주모집 : 4,610,000 주 (91.29%) 
	/   구주매출 : 440,000 주 (8.71%)","23,000 ~ 26,000 원",321.09:1,"26,000 원","131,300 (백만원)","252,500 주  (5%)","3,787,500 주  (75%)","1,010,000 주  (20%)","청약 최고한도 :  50,500 주",1078.5:1,15.80%
자이에스앤디(유가),2019/11/06,5200.0,6650.0,27.88%,6120.0,317400,거래소,부동산 임대 및 공급업,중소일반,"212,696 (백만원)","13,706 (백만원)","10,716 (백만원)","26,782 (백만원)","8,800,000 주","1,000 원","신주모집 : 8,800,000 주 (100%)","4,200 ~ 5,200 원",665.41:1,"5,200 원","45,760 (백만원)","1,760,000 주  (20%)","5,280,000 주  (60%)","1,760,000 주  (20%)","청약 최고한도 :  58,000 주",768.58:1,5.10%
미래에셋대우스팩4호,2019/11/06,2000.0,2000.0,0%,2000.0,333430,코스닥,기타 금융업,중소일반,- (백만원),0 (백만원),- (백만원),439 (백만원),"4,075,000 주",100 원,"신주모집 : 4,075,000 주 (100%)","2,000 ~ 2,000 원",30.10:1,"2,000 원","8,150 (백만원)",주,"3,260,000 주  (80%)","815,000 주  (20%)","청약 최고한도 :  40,700 주",,0.00%
미디어젠,2019/11/05,10600.0,11250.0,6.13%,9150.0,279600,코스닥,소프트웨어 개발 및 공급업,중소일반,"13,383 (백만원)",-533 (백만원),-533 (백만원),"2,319 (백만원)","930,000 주",500 원,"신주모집 : 930,000 주 (100%)","9,400 ~ 10,600 원",573.16:1,"10,600 원","9,858 (백만원)","54,210 주  (5.83%)","689,790 주  (74.17%)","186,000 주  (20%)","청약 최고한도 :  18,000 주",576.27:1,1.88%
하나금융스팩14호,2019/11/01,2000.0,2000.0,0%,2005.0,332710,코스닥,금융 지원 서비스업,중소일반,- (백만원),0 (백만원),- (백만원),441 (백만원),"4,000,000 주",100 원,"신주모집 : 4,000,000 주 (100%)","2,000 ~ 2,000 원",80.74:1,"2,000 원","8,000 (백만원)",주,"3,200,000 주  (80%)","800,000 주  (20%)","청약 최고한도 :  60,000 주",,0.00%
신한스팩6호,2019/10/31,2000.0,2010.0,0.5%,2010.0,333050,코스닥,기타 금융업,중소일반,- (백만원),0 (백만원),- (백만원),501 (백만원),"4,000,000 주",100 원,"신주모집 : 4,000,000 주 (100%)","2,000 ~ 2,000 원",83.89:1,"2,000 원","8,000 (백만원)",주,"3,200,000 주  (80%)","800,000 주  (20%)","청약 최고한도 :  80,000 주",,0.00%
티라유텍,2019/10/31,12050.0,24100.0,100%,20650.0,322180,코스닥,소프트웨어 개발 및 공급업,중소일반,"22,771 (백만원)","1,230 (백만원)","1,525 (백만원)",543 (백만원),"1,125,000 주",100 원,"신주모집 : 1,125,000 주 (100%)","10,550 ~ 12,050 원",1164.16:1,"12,050 원","13,556 (백만원)","125,000 주  (11.1%)","775,000 주  (68.9%)","225,000 주  (20%)","청약 최고한도 :  11,200 주",1240.9:1,11.90%
롯데리츠(유가),2019/10/30,5000.0,5000.0,0%,6500.0,330590,거래소,부동산업,중소일반,"2,003 (백만원)","1,518 (백만원)","1,518 (백만원)","85,984 (백만원)","85,984,442 주",500 원,"신주모집 : 85,984,442 주 (100%)","4,750 ~ 5,000 원",63.28:1,"5,000 원","429,922 (백만원)",주,"55,889,888 주  (65%)","30,094,554 주  (35%)",청약 최고한도 :  - 주,358.06:1,44.07%
지누스(유가),2019/10/30,70000.0,73500.0,5%,83000.0,013890,거래소,상품 종합 도매업,중소일반,"621,764 (백만원)","58,196 (백만원)","43,609 (백만원)","7,103 (백만원)","3,020,860 주",500 원,"신주모집 : 2,197,000 주 (72.73%) 
	/   구주매출 : 823,860 주 (27.27%)","80,000 ~ 90,000 원",0.63:1,"70,000 원","211,460 (백만원)",주,"2,416,688 주  (80%)","604,172 주  (20%)","청약 최고한도 :  15,680 주",45.68:1,13.73%
교보스팩9호,2019/10/29,2000.0,2010.0,0.5%,2010.0,331520,코스닥,기타 금융업,중소일반,- (백만원),0 (백만원),- (백만원),388 (백만원),"3,450,000 주",100 원,"신주모집 : 3,450,000 주 (100%)","2,000 ~ 2,000 원",134.98:1,"2,000 원","6,900 (백만원)",주,"2,760,000주 주  (80%)","690,000 주  (20%)","청약 최고한도 :  69,000 주",,0.00%
캐리소프트,2019/10/29,9000.0,12100.0,34.44%,13850.0,317530,코스닥,"영화, 비디오물, 방송프로그램 제작 및 배급업",중소일반,"9,969 (백만원)","-2,348 (백만원)","-2,189 (백만원)","3,146 (백만원)","910,000 주",500 원,"신주모집 : 910,000 주 (100%)","7,000 ~ 9,000 원",1067.00:1,"9,000 원","8,190 (백만원)",주,"728,000 주  (80%)","182,000 주  (20%)","청약 최고한도 :  9,100 주",924.83:1,2.70%
케이엔제이,2019/10/25,11000.0,15700.0,42.73%,14900.0,272110,코스닥,평판디스플레이 제조용 기계 제조업,중소일반,"51,107 (백만원)","1,113 (백만원)","1,698 (백만원)","2,931 (백만원)","875,472 주",500 원,"신주모집 : 875,472 주 (100%)","8,400 ~ 11,000 원",1104.68:1,"11,000 원","9,630 (백만원)","87,542 주  (10%)","612,830 주  (70%)","175,100 주  (20%)","청약 최고한도 :  8,500 주","1,144.3:1",5.50%
엔바이오니아,2019/10/24,8200.0,10700.0,30.49%,12100.0,317870,코스닥,그외 기타 제품 제조업,중소일반,"8,545 (백만원)",760 (백만원),648 (백만원),"3,712 (백만원)","1,110,000 주",500 원,"신주모집 : 1,110,000 주 (100%)","8,200 ~ 10,300 원",910.32:1,"8,200 원","9,102 (백만원)",주,"888,000 주  (80%)","222,000 주  (20%)","청약 최고한도 :  11,000 주",425.80:1,3.80%
팜스빌,2019/10/22,14000.0,16800.0,20%,14350.0,318010,코스닥,기타 식품 제조업,중소일반,"19,833 (백만원)","6,282 (백만원)","4,815 (백만원)","3,964 (백만원)","1,811,250 주",500 원,"신주모집 : 1,575,000 주 (86.96%) 
	/   구주매출 : 236,250 주 (13.04%)","11,000 ~ 14,000 원",674.04:1,"14,000 원","25,358 (백만원)",주,"1,449,000  주  (80%)","362,250  주  (20%)","청약 최고한도 :  18,000 주","1,035.53:1",7.05%
라온피플,2019/10/18,14000.0,13300.0,-5%,15550.0,300120,코스닥,반도체 제조업,중소일반,"21,764 (백만원)","6,643 (백만원)","6,250 (백만원)","5,089 (백만원)","2,023,550 주",500 원,"신주모집 : 2,023,550 주 (100%)","14,000 ~ 17,000 원",2.07:1,"14,000 원","28,330 (백만원)","240,000 주  (11.9%)","1,378,840 주  (68.1%)","404,710 주  (20%)","청약 최고한도 :  20,000 주",330.36:1,1.50%
아톤,2019/10/17,43000.0,46050.0,7.09%,42850.0,158430,코스닥,소프트웨어 개발 및 공급업,중소일반,"28,033 (백만원)","3,324 (백만원)","4,096 (백만원)","2,107 (백만원)","897,188 주",500 원,"신주모집 : 717,750 주 (80%) 
	/   구주매출 : 179,438 주 (20%)","30,000 ~ 43,000 원",653.96:1,"43,000 원","38,579 (백만원)",주,"717,750 주  (80%)","179,438 주  (20%)","청약 최고한도 :  5,742 주",810.88:1,9.50%
녹십자웰빙,2019/10/14,11300.0,11900.0,5.31%,12500,234690,코스닥,의약품 제조업,중소일반,"53,883 (백만원)","7,301 (백만원)","5,678 (백만원)","8,876 (백만원)","4,500,000 주",500 원,"신주모집 : 4,500,000 주 (100%)","9,400 ~ 11,300 원",657.66:1,"11,300 원","50,850 (백만원)","675,000  주  (15%)","2,925,000  주  (65%)","900,000  주  (20%)","청약 최고한도 :  45,000 주",657.93:1,4.49%
대신밸런스스팩7호,2019/10/11,2000.0,2025.0,1.25%,2025,332290,코스닥,금융 지원 서비스업,중소일반,- (백만원),0 (백만원),- (백만원),520 (백만원),"5,000,000 주",100 원,"신주모집 : 5,000,000 주 (100%)","2,000 ~ 2,000 원",39.52:1,"2,000 원","10,000 (백만원)",주,"4,000,000 주  (80%)","1,000,000 주  (20%)","청약 최고한도 :  100,000 주",,0.00%
유진스팩5호,2019/10/02,2000.0,2045.0,2.25%,2045,331380,코스닥,금융 지원 서비스업,중소일반,- (백만원),0 (백만원),- (백만원),401 (백만원),"3,500,000 주",100 원,"신주모집 : 3,500,000 주 (100%)","2,000 ~ 2,000 원",268.73:1,"2,000 원","7,000 (백만원)",주,"2,800,000 주  (80%)","700,000 주  (20%)","청약 최고한도 :  70,000 주",,0.00%
케이비스팩19호,2019/09/30,2000.0,2045.0,2.25%,2050,330990,코스닥,금융 지원 서비스업,중소일반,- (백만원),0 (백만원),- (백만원),430 (백만원),"4,000,000 주",100 원,"신주모집 : 4,000,000 주 (100%)","2,000 ~ 2,000 원",177.51:1,"2,000 원","8,000 (백만원)",주,"3,200,000 주  (80%)","800,000 주  (20%)","청약 최고한도 :  40,000 주",,0.00%
올리패스,2019/09/20,20000.0,30600.0,53%,24800,244460,코스닥,자연과학 및 공학 연구개발업,중소일반,488 (백만원),"-23,697 (백만원)","-27,825 (백만원)","6,937 (백만원)","800,000 주",500 원,"신주모집 : 800,000 주 (100%)","37,000 ~ 45,000 원",419.4:1,"20,000 원","16,000 (백만원)",주,"640,000 주  (80%)","160,000 주  (20%)","청약 최고한도 :  4,800 주",11.07:1,0.40%
라닉스,2019/09/18,6000.0,7100.0,18.33%,8090,317120,코스닥,반도체 제조업,중소일반,"9,811 (백만원)",306 (백만원),661 (백만원),"4,717 (백만원)","1,600,000 주",500 원,"신주모집 : 1,600,000 주 (100%)","8,000 ~ 10,500 원",770.88:1,"6,000 원","9,600 (백만원)",주,"1,280,000 주  (80%)","320,000 주  (20%)","청약 최고한도 :  30,000 주",51.68:1,0.00%
하나금융스팩13호,2019/09/18,2000.0,2040.0,2%,2070,320000,코스닥,금융 지원 서비스업,중소일반,- (백만원),0 (백만원),- (백만원),340 (백만원),"3,000,000 주",100 원,"신주모집 : 3,000,000 주 (100%)","2,000 ~ 2,000 원",254.81:1,"2,000 원","6,000 (백만원)",주,"2,400,000 주  (80%)","600,000 주  (20%)","청약 최고한도 :  45,000 주",,0.00%
한독크린텍,2019/09/05,15100.0,24500.0,62.25%,19250,256150,코스닥,일반 목적용 기계 제조업,중소일반,"39,627 (백만원)","4,868 (백만원)","4,165 (백만원)","2,010 (백만원)","700,000 주",500 원,"신주모집 : 700,000 주 (100%)","13,300 ~ 15,100 원",728.28:1,"15,100 원","10,570 (백만원)",주,"560,000 주  (80%)","140,000 주  (20%)","청약 최고한도 :  4,000 주",1117.61:1,8.77%
상상인이안스팩2호,2019/08/30,2000.0,2150.0,7.5%,2035,329560,코스닥,금융 지원 서비스업,중소일반,- (백만원),0 (백만원),- (백만원),385 (백만원),"3,250,000 주",100 원,"신주모집 : 3,250,000 주 (100%)","2,000 ~ 2,000 원",265:1,"2,000 원","6,500 (백만원)",주,"2,600,000 주  (80%)","650,000 주  (20%)","청약 최고한도 :  65,000 주",540.20:1,0.00%
네오크레마,2019/08/22,8000.0,9530.0,19.13%,8370,311390,코스닥,기타 식품 제조업,중소일반,"21,745 (백만원)","4,310 (백만원)","3,562 (백만원)","3,628 (백만원)","1,550,000 주",500 원,"신주모집 : 1,550,000 주 (100%)","10,000 ~ 11,500 원",1.59:1,"8,000 원","12,400 (백만원)","43,000 주  (2.8%)","1,197,000 주  (77.2%)","310,000 주  (20%)","청약 최고한도 :  20,000 주",96.6:1,0.00%
미래에셋대우스팩3호,2019/08/20,2000.0,2120.0,6%,-,328380,코스닥,금융 지원 서비스업,중소일반,- (백만원),0 (백만원),- (백만원),648 (백만원),"6,150,000 주",100 원,"신주모집 : 6,150,000 주 (100%)","2,000 ~ 2,000 원",508:1,"2,000 원","12,300 (백만원)",주,"4,920,000 주  (80%)","1,230,000 주  (20%)","청약 최고한도 :  60,000 주",,0.00%
마니커에프앤지,2019/08/20,4000.0,8000.0,100%,6950,195500,코스닥,"도축, 육류 가공 및 저장 처리업",중소일반,"99,419 (백만원)","5,316 (백만원)","4,077 (백만원)","5,189 (백만원)","2,600,000 주",500 원,"신주모집 : 2,600,000 주 (100%)","3,400 ~ 4,000 원",1216.48:1,"4,000 원","10,400 (백만원)",주,"2,080,000 주  (80%)","520,000 주  (20%)","청약 최고한도 :  52,000 주",1056.91:1,5.43%
나노브릭,2019/08/19,16000.0,14400.0,-10%,14800,286750,코스닥,기초 화학물질 제조업,중소일반,"7,186 (백만원)",859 (백만원),859 (백만원),"4,560 (백만원)","456,000 주","1,000 원","신주모집 : 456,000 주 (100%)","18,000 ~ 22,000 원",2.58:1,"16,000 원","7,296 (백만원)","22,800 주  (5%)","342,000 주  (75%)","91,200 주  (20%)","청약 최고한도 :  4,500 주",39.3:1,0.00%
에스피시스템스,2019/08/14,4900.0,9800.0,100%,12700,317830,코스닥,특수 목적용 기계 제조업,중소일반,"46,873 (백만원)","3,994 (백만원)","3,235 (백만원)",814 (백만원),"2,000,000 주",100 원,"신주모집 : 1,360,000 주 (68%) 
	/   구주매출 : 640,000 주 (32%)","4,300 ~ 4,900 원",786.16:1,"4,900 원","9,800 (백만원)","200,000 주  (10%)","1,400,000 주  (70%)","400,000 주  (20%)","청약 최고한도 :  13,000 주",1116.32:1,13.68%
레이,2019/08/08,20000.0,25150.0,25.75%,24750,228670,코스닥,의료용 기기 제조업,중소일반,"47,565 (백만원)","7,741 (백만원)","6,779 (백만원)","2,811 (백만원)","1,000,000 주",500 원,"신주모집 : 1,000,000 주 (100%)","17,000 ~ 20,000 원",779.56:1,"20,000 원","20,000 (백만원)","200,000 주  (20%)","600,000 주  (60%)","200,000 주  (20%)","청약 최고한도 :  15,000 주",1013.19 :1,10.27%
그린플러스,2019/08/07,10000.0,11150.0,11.5%,10700,186230,코스닥,1차 비철금속 제조업,중소일반,"42,151 (백만원)","2,936 (백만원)","2,213 (백만원)","2,324 (백만원)","700,000 주",500 원,"신주모집 : 700,000 주 (100%)","8,500 ~ 10,000 원",700.96:1,"10,000 원","7,000 (백만원)","70,000 주  (10%)","490,000 주  (70%)","140,000 주  (20%)","청약 최고한도 :  12,000 주",863.94:1,5.85%
코윈테크,2019/08/05,34500.0,31050.0,-10%,21750,282880,코스닥,특수 목적용 기계 제조업,중소일반,"76,832 (백만원)","10,513 (백만원)","10,339 (백만원)","4,500 (백만원)","2,000,000 주",500 원,"신주모집 : 2,000,000 주 (100%)","28,400 ~ 34,500 원",0.48:1,"34,500 원","69,000 (백만원)",주,"1,600,000 주  (80%)","400,000 주  (20%)","청약 최고한도 :  20,000 주",163.54:1,0.90%
덕산테코피아,2019/08/02,19000.0,17100.0,-10%,15600,317330,코스닥,기타 화학제품 제조업,중소일반,"70,930 (백만원)","23,736 (백만원)","18,783 (백만원)","9,188 (백만원)","4,061,847 주",500 원,"신주모집 : 3,221,177 주 (79.3%) 
	/   구주매출 : 840,670 주 (20.7%)","17,000 ~ 19,000 원",1.96:1,"19,000 원","77,175 (백만원)","275,300 주  (6.78%)","2,974,177 주  (73.22%)","812,370 주  (20%)","청약 최고한도 :  32,400 주",348.63:1,7.17%
슈프리마아이디,2019/08/01,27000.0,34750.0,28.7%,28000,317770,코스닥,전자부품 제조업,중소일반,"18,081 (백만원)",445 (백만원),"3,571 (백만원)","1,496 (백만원)","864,000 주",500 원,"신주모집 : 662,093 주 (76.63%) 
	/   구주매출 : 201,907 주 (23.37%)","23,000 ~ 27,000 원",707.26:1,"27,000 원","23,328 (백만원)",주,"691,200 주  (80%)","172,800 주  (20%)","청약 최고한도 :  5,000 주",1124.05:1,13.14%
한국바이오젠,2019/08/01,6000.0,12000.0,100%,13200,318000,코스닥,합성고무 및 플라스틱 물질 제조업,중소일반,"16,434 (백만원)","2,561 (백만원)","2,130 (백만원)","1,590 (백만원)","1,784,500 주",200 원,"신주모집 : 1,422,000 주 (79.69%) 
	/   구주매출 : 362,500 주 (20.31%)","4,700 ~ 5,700 원",1019.62:1,"6,000 원","10,707 (백만원)",주,"1,427,600 주  (80%)","356,900 주  (20%)","청약 최고한도 :  17,500 주","1,087.6:1",0.00%
